,index,tempo_prefci,alternativas_prefci,tempo_posfci,alternativas_posfci,tempo_quest1,nota_quest1,tempo_quest2,nota_quest2,tempo_quest3,nota_quest3,tempo_quest4,nota_quest4
0,0,2580,"[3, 1, 2, 1, 3, 1, 2, 4, 3, 5, 2, 2, 2, 4, 3, 3, 1, 3, 2, 3, 3, 1, 4, 5, 2, 4, 3, 5, 2, 5]",,,"[120, 180, 60]","[5.0, 4.5, 9.5]","[240, 120, 780, 180, 120, 60, 120, 0, 60]","[5.0, 5.0, 7.5, 5.0, 7.5, 7.5, 7.5, 7.5, 10.0]",,,,
1,1,4920,"[3, 1, 3, 5, 2, 2, 2, 1, 5, 1, 4, 3, 4, 4, 3, 1, 2, 4, 5, 4, 4, 4, 2, 1, 3, 3, 3, 5, 4, 3]",3540.0,"[3, 1, 3, 5, 4, 2, 2, 4, 5, 2, 4, 2, 4, 4, 3, 1, 2, 2, 1, 4, 5, 4, 2, 1, 3, 5, 2, 5, 4, 3]","[360, 360, 420]","[7.0, 5.0, 10.0]","[900, 2640]","[7.5, 10.0]","[87360.0, 2820.0, 82920.0, 7140.0, 2580.0, 1980.0]","[5.0, 7.5, 7.5, 7.5, 5.0, 10.0]",,
2,2,4740,"[4, 4, 3, 5, 2, 2, 2, 1, 5, 2, 2, 2, 3, 5, 3, 3, 1, 5, 1, 5, 3, 4, 1, 1, 5, 1, 3, 5, 5, 5]",1440.0,"[4, 4, 3, 5, 3, 2, 1, 2, 5, 1, 3, 3, 2, 5, 3, 3, 4, 4, 1, 5, 3, 2, 5, 1, 4, 2, 1, 4, 2, 5]",[1320],[7.5],"[240, 300, 120, 120, 120]","[2.5, 5.0, 5.0, 5.0, 10.0]","[1980.0, 507780.0, 480.0, 4800.0, 420.0, 54120.0, 660.0]","[0.0, 0.0, 0.0, 0.0, 0.0, 0.0, 5.0]",[2100],[8.7]
3,3,11700,"[3, 1, 3, 5, 2, 2, 2, 2, 5, 1, 4, 2, 4, 4, 3, 1, 2, 2, 5, 4, 3, 1, 2, 1, 3, 5, 3, 5, 2, 3]",2940.0,"[3, 1, 3, 5, 2, 2, 2, 2, 3, 1, 4, 2, 4, 4, 1, 1, 2, 2, 5, 4, 5, 2, 3, 1, 3, 5, 2, 5, 2, 3]","[240, 840, 360, 60, 120, 60, 600, 0]","[7.5, 10.0, 7.5, 10.0, 7.5, 10.0, 7.5, 10.0]",[720],[10.0],"[1560.0, 1440.0, 29220.0, 960.0, 1560.0, 1380.0]","[7.5, 5.0, 5.0, 5.0, 7.5, 10.0]","[7200, 95820]","[7.0, 9.0]"
4,4,2580,"[3, 1, 3, 5, 2, 2, 2, 1, 2, 1, 4, 2, 4, 4, 1, 5, 2, 2, 5, 4, 3, 2, 4, 3, 3, 5, 3, 5, 2, 3]",2880.0,"[3, 1, 3, 5, 2, 2, 2, 2, 5, 1, 4, 2, 4, 2, 1, 1, 2, 2, 5, 4, 3, 2, 2, 1, 3, 5, 3, 5, 4, 3]","[240, 300, 120, 120, 420]","[5.0, 9.5, 10.0, 10.0, 10.0]",[1080],[10.0],"[2640.0, 2580.0, 1320.0, 2400.0, 2040.0]","[5.0, 7.5, 10.0, 7.5, 10.0]","[3840, 240, 2220, 240, 120, 180, 120, 60, 120, 660, 2820]","[7.7, 2.0, 7.3, 0.0, 0.7, 0.3, 0.7, 1.3, 0.7, 2.0, 10.0]"
5,5,2760,"[4, 4, 3, 1, 3, 3, 4, 2, 2, 5, 2, 3, 2, 4, 3, 1, 1, 5, 1, 3, 5, 4, 4, 5, 4, 4, 2, 4, 4, 5]",,,,,,,,,,
6,6,2580,"[2, 2, 1, 5, 1, 2, 3, 1, 2, 3, 2, 2, 2, 2, 3, 1, 1, 1, 2, 5, 2, 1, 4, 3, 1, 1, 1, 5, 1, 5]",,,,,,,,,,
7,7,5340,"[3, 1, 3, 5, 2, 2, 2, 2, 5, 1, 4, 2, 4, 4, 1, 1, 2, 2, 1, 4, 5, 2, 2, 1, 3, 5, 3, 5, 2, 3]",6960.0,"[3, 1, 3, 5, 2, 2, 2, 2, 5, 1, 4, 2, 4, 4, 1, 1, 2, 2, 1, 4, 5, 2, 2, 1, 3, 5, 3, 5, 2, 3]","[300, 420]","[7.5, 10.0]",[600],[10.0],"[3540.0, 2220.0]","[7.5, 10.0]",,
8,8,3180,"[3, 4, 2, 5, 4, 2, 2, 2, 5, 2, 4, 2, 2, 4, 3, 3, 1, 2, 5, 4, 3, 1, 4, 3, 5, 2, 3, 5, 2, 5]",,,,,,,,,,
9,9,1020,"[4, 5, 1, 5, 5, 2, 2, 2, 4, 4, 3, 2, 1, 4, 2, 1, 1, 5, 4, 2, 3, 2, 4, 4, 5, 4, 2, 4, 2, 5]",,,,,,,,,,
10,10,3480,"[1, 2, 1, 1, 3, 2, 2, 2, 2, 5, 3, 3, 3, 1, 3, 3, 1, 3, 4, 5, 3, 1, 4, 3, 4, 1, 1, 4, 2, 3]",4140.0,"[1, 1, 2, 1, 3, 1, 2, 1, 3, 5, 3, 3, 1, 1, 1, 1, 1, 3, 2, 1, 2, 1, 4, 3, 4, 2, 3, 4, 2, 3]",[1680],[10.0],[1800],[10.0],"[1620.0, 420.0]","[0.0, 5.0]",[3960],[6.3]
11,11,13560,"[4, 4, 3, 1, 1, 2, 5, 2, 5, 1, 3, 2, 3, 2, 3, 3, 1, 5, 5, 4, 3, 1, 1, 3, 4, 4, 3, 5, 4, 5]",,,,,,,,,,
12,12,104400,"[3, 1, 2, 5, 4, 1, 2, 1, 2, 1, 5, 2, 2, 4, 1, 1, 1, 2, 5, 3, 5, 1, 2, 1, 4, 3, 2, 5, 2, 5]",774240.0,"[3, 1, 2, 5, 5, 2, 2, 2, 5, 1, 3, 2, 2, 4, 3, 3, 1, 4, 4, 3, 5, 4, 2, 1, 3, 1, 2, 5, 2, 5]","[1680, 11700, 1380, 420, 5280, 360, 120, 120, 1020]","[5.0, 7.5, 7.5, 7.5, 7.5, 7.5, 7.5, 10.0, 10.0]","[3780, 75120, 840]","[5.0, 7.5, 10.0]","[31800.0, 217320.0, 175200.0, 338580.0, 865980.0, 159000.0, 10080.0, 6060.0, 10260540.0]","[2.5, 2.5, 5.0, 7.5, 5.0, 5.0, 7.5, 7.5, 5.0]",[436080],[8.7]
13,13,2220,"[2, 2, 3, 5, 5, 2, 3, 5, 3, 3, 3, 2, 2, 4, 1, 1, 2, 4, 1, 4, 2, 1, 3, 1, 5, 5, 3, 5, 2, 5]",999240.0,"[3, 4, 3, 5, 4, 3, 3, 5, 3, 1, 3, 2, 3, 4, 3, 3, 4, 4, 4, 3, 1, 1, 3, 1, 4, 2, 3, 5, 2, 5]","[720, 180, 1560, 60, 1615800, 540, 180, 60]","[7.5, 4.5, 5.0, 10.0, 4.5, 7.5, 7.5, 10.0]","[360, 420, 300, 120]","[2.5, 2.5, 5.0, 10.0]","[780.0, 540.0, 360.0, 588060.0, 660.0, 1740.0, 720.0, 420.0, 360.0, 480.0, 120.0, 480.0, 60.0, 900.0, 120.0, 1440.0, 840.0, 720.0, 840.0, 1680.0]","[2.5, 5.0, 2.5, 7.5, 5.0, 5.0, 5.0, 5.0, 5.0, 5.0, 7.5, 7.5, 5.0, 5.0, 5.0, 5.0, 7.5, 7.5, 7.5, 10.0]","[13020, 1140, 352980]","[4.7, 6.0, 6.7]"
14,14,3960,"[1, 4, 2, 1, 4, 2, 2, 2, 2, 2, 3, 3, 1, 4, 3, 2, 1, 4, 4, 1, 5, 2, 3, 1, 5, 1, 1, 2, 4, 5]",,,,,,,,,,
15,15,4380,"[3, 1, 2, 5, 5, 2, 2, 2, 3, 1, 3, 2, 2, 4, 3, 1, 1, 5, 1, 5, 2, 4, 4, 5, 4, 2, 1, 5, 2, 5]",,,,,,,,,,
16,16,3420,"[3, 1, 1, 1, 5, 2, 1, 5, 3, 2, 2, 3, 3, 1, 3, 3, 1, 4, 5, 5, 1, 2, 1, 3, 4, 1, 1, 4, 2, 5]",,,,,,,,,,
17,17,426840,"[3, 4, 2, 5, 5, 2, 1, 2, 5, 5, 3, 3, 2, 2, 1, 1, 4, 4, 5, 5, 5, 4, 1, 1, 3, 2, 1, 5, 2, 5]",,,,,,,,,,
18,18,3420,"[3, 1, 3, 5, 4, 2, 2, 2, 5, 4, 3, 2, 3, 4, 1, 3, 2, 2, 5, 2, 1, 2, 3, 1, 3, 2, 3, 5, 2, 5]",3000.0,"[3, 1, 3, 5, 5, 2, 2, 2, 5, 1, 4, 3, 3, 4, 3, 1, 2, 2, 3, 1, 5, 1, 4, 1, 3, 1, 2, 5, 2, 5]","[300, 180, 180]","[5.0, 7.0, 10.0]",[900],[10.0],"[1620.0, 960.0]","[2.5, 5.0]",[2520],[9.0]
19,19,1140,"[3, 4, 3, 5, 4, 1, 3, 2, 5, 1, 5, 2, 4, 4, 1, 1, 1, 4, 5, 4, 1, 2, 1, 1, 5, 1, 3, 5, 4, 3]",,,,,,,,,,
20,20,2460,"[2, 5, 3, 1, 3, 2, 2, 2, 5, 3, 4, 4, 3, 1, 2, 3, 1, 2, 4, 4, 3, 5, 3, 4, 4, 3, 1, 4, 2, 5]",,,,,,,,,,
21,21,2160,"[3, 4, 1, 5, 4, 2, 2, 1, 3, 1, 4, 2, 3, 4, 3, 1, 2, 3, 4, 4, 1, 2, 4, 1, 3, 2, 1, 5, 4, 3]",,,,,,,,,,
22,22,2940,"[4, 4, 1, 5, 3, 3, 1, 1, 2, 1, 3, 2, 1, 1, 4, 4, 1, 4, 4, 5, 5, 4, 4, 5, 5, 2, 1, 4, 2, 5]",,,,,,,,,,
23,23,2040,"[3, 1, 1, 1, 4, 2, 2, 4, 3, 1, 2, 2, 3, 4, 4, 3, 1, 2, 4, 3, 5, 4, 5, 1, 4, 4, 2, 5, 2, 3]",,,,,,,,,,
24,24,1620,"[3, 1, 2, 5, 3, 2, 2, 1, 2, 1, 3, 2, 2, 4, 1, 1, 1, 3, 5, 4, 1, 1, 1, 1, 4, 2, 3, 5, 4, 5]",,,,,,,,,,
25,25,1440,"[3, 4, 3, 5, 2, 1, 2, 1, 3, 1, 2, 2, 2, 4, 3, 1, 2, 4, 3, 4, 2, 2, 3, 5, 1, 1, 2, 5, 2, 1]",16080.0,"[5, 1, 3, 5, 5, 2, 2, 4, 2, 5, 2, 2, 2, 4, 2, 3, 1, 2, 2, 1, 3, 2, 2, 1, 3, 3, 2, 5, 2, 3]","[420, 420, 180, 120, 120, 180, 60]","[7.5, 7.5, 7.5, 7.5, 7.5, 7.5, 10.0]","[720, 180, 180, 60, 120]","[7.5, 2.5, 7.5, 5.0, 10.0]",[1380.0],[5.0],[86220],[8.0]
26,26,1260,"[3, 4, 4, 5, 3, 2, 2, 5, 3, 3, 2, 3, 2, 2, 1, 1, 1, 3, 4, 1, 1, 3, 4, 2, 4, 3, 2, 5, 1, 5]",,,,,,,,,,
27,27,1800,"[3, 1, 3, 5, 4, 2, 2, 1, 2, 1, 4, 2, 4, 4, 3, 1, 2, 2, 1, 3, 2, 4, 3, 2, 5, 2, 3, 5, 2, 3]",1500.0,"[3, 1, 3, 5, 2, 2, 2, 2, 5, 1, 4, 2, 4, 4, 1, 1, 2, 2, 1, 3, 5, 2, 4, 5, 3, 5, 3, 5, 2, 3]",[300],[7.5],"[480, 660]","[5.0, 10.0]","[420.0, 1200.0, 30420.0, 600.0]","[0.0, 2.5, 5.0, 7.5]",[1140],[7.0]
28,28,2100,"[3, 1, 3, 5, 2, 2, 2, 1, 2, 2, 3, 2, 4, 4, 1, 1, 2, 4, 5, 1, 5, 3, 1, 1, 4, 5, 2, 5, 2, 3]",,,,,,,,,,
29,29,1140,"[3, 2, 1, 5, 2, 2, 2, 2, 5, 1, 5, 2, 2, 1, 4, 4, 1, 4, 4, 3, 3, 1, 4, 3, 5, 2, 1, 4, 1, 4]",,,,,,,,,,
30,30,1860,"[3, 1, 3, 5, 2, 2, 2, 2, 5, 1, 4, 2, 4, 4, 3, 1, 2, 2, 5, 4, 5, 2, 2, 1, 3, 5, 3, 5, 2, 3]",1560.0,"[3, 1, 3, 5, 2, 2, 2, 2, 5, 1, 4, 2, 4, 4, 3, 1, 2, 2, 5, 4, 5, 2, 2, 1, 3, 5, 3, 5, 2, 3]",[360],[9.5],[960],[10.0],[2280.0],[10.0],[2040],[8.3]
31,31,2160,"[3, 4, 3, 5, 3, 2, 2, 1, 3, 1, 3, 3, 3, 2, 1, 1, 1, 4, 5, 3, 2, 4, 2, 1, 5, 1, 3, 5, 4, 5]",1560.0,"[3, 2, 3, 5, 4, 2, 2, 1, 2, 2, 3, 2, 3, 1, 1, 1, 1, 4, 5, 4, 3, 2, 2, 1, 4, 1, 3, 5, 4, 5]","[1860, 360]","[7.5, 10.0]","[1260, 1860]","[7.5, 10.0]","[1200.0, 1080.0, 1502640.0, 60.0, 60.0, 60.0, 60.0, 120.0, 240.0, 120.0, 120.0, 60.0, 60.0, 120.0, 1200.0, 1860.0, 180.0, 60.0, 60.0, 0.0, 0.0, 60.0, 0.0, 60.0, 240.0, 420.0, 0.0, 43500.0]","[0.0, 2.5, 0.0, 2.5, 2.5, 0.0, 2.5, 2.5, 0.0, 5.0, 2.5, 0.0, 2.5, 7.5, 7.5, 2.5, 7.5, 0.0, 0.0, 2.5, 0.0, 2.5, 0.0, 2.5, 7.5, 0.0, 0.0, 10.0]",[17940],[8.3]
32,32,2700,"[3, 1, 1, 1, 1, 2, 2, 1, 2, 1, 4, 2, 4, 4, 1, 3, 1, 2, 5, 4, 3, 4, 2, 1, 3, 2, 3, 5, 4, 3]",,,[900],[9.5],"[240, 360, 540, 480]","[2.5, 5.0, 0.0, 7.5]",,,,
33,33,1500,"[3, 4, 2, 5, 3, 1, 2, 1, 2, 1, 2, 2, 2, 1, 4, 3, 1, 5, 4, 3, 4, 4, 4, 5, 2, 1, 2, 4, 1, 5]",,,,,,,,,,
34,34,2760,"[3, 5, 3, 1, 3, 3, 1, 2, 4, 1, 2, 3, 2, 1, 3, 3, 1, 4, 2, 3, 5, 4, 5, 1, 5, 1, 3, 4, 2, 5]",,,,,,,,,,
35,35,2040,"[3, 4, 3, 5, 5, 1, 3, 1, 2, 1, 3, 3, 3, 2, 3, 1, 1, 4, 3, 3, 3, 1, 2, 1, 3, 1, 2, 5, 2, 5]",840.0,"[3, 1, 3, 5, 5, 2, 3, 1, 2, 1, 3, 3, 3, 2, 1, 1, 1, 4, 5, 3, 4, 4, 3, 1, 3, 1, 1, 5, 2, 5]","[180, 360, 120]","[7.5, 9.5, 10.0]","[780, 240, 120, 0, 300]","[7.5, 7.5, 7.5, 7.5, 7.5]","[1920.0, 360.0, 360.0, 480.0, 360.0]","[7.5, 5.0, 2.5, 5.0, 5.0]",,
36,36,1620,"[3, 1, 3, 5, 4, 2, 2, 2, 5, 1, 4, 2, 4, 4, 1, 1, 2, 2, 5, 5, 1, 2, 2, 1, 3, 5, 3, 5, 4, 3]",,,,,,,,,,
37,37,1800,"[3, 1, 3, 5, 2, 2, 2, 1, 2, 1, 3, 2, 3, 1, 3, 3, 1, 4, 5, 1, 5, 2, 2, 1, 4, 1, 1, 5, 2, 5]",3540.0,"[3, 1, 3, 5, 2, 2, 2, 1, 2, 1, 3, 2, 3, 4, 3, 1, 2, 2, 5, 4, 5, 2, 2, 1, 3, 5, 3, 5, 2, 5]","[180, 60]","[5.0, 7.5]",[540],[10.0],[77220.0],[5.0],[8100],[8.7]
38,38,2220,"[3, 1, 3, 5, 2, 2, 2, 2, 5, 1, 4, 2, 4, 4, 1, 1, 2, 4, 5, 4, 5, 2, 2, 1, 3, 5, 1, 5, 2, 3]",,,,,,,,,,
39,39,1500,"[3, 1, 3, 1, 4, 2, 3, 1, 2, 3, 2, 2, 2, 4, 3, 3, 1, 4, 4, 5, 3, 5, 4, 3, 2, 4, 3, 4, 2, 2]",,,,,,,,,,
40,40,4440,"[3, 1, 5, 1, 3, 1, 2, 2, 5, 4, 3, 3, 3, 1, 3, 1, 1, 5, 4, 3, 3, 3, 3, 5, 4, 2, 3, 4, 1, 5]",,,,,,,,,,
41,41,11400,"[3, 1, 3, 1, 4, 2, 3, 1, 3, 1, 2, 5, 3, 4, 1, 3, 1, 5, 5, 3, 2, 2, 4, 1, 4, 2, 3, 5, 2, 5]",,,,,,,,,,
42,42,960,"[4, 4, 1, 1, 3, 2, 4, 1, 5, 1, 2, 2, 1, 1, 3, 2, 1, 5, 5, 3, 3, 4, 3, 3, 2, 1, 4, 3, 1, 5]",,,,,,,,,,
43,43,2400,"[3, 4, 1, 1, 2, 2, 2, 2, 5, 1, 3, 2, 3, 4, 3, 1, 4, 5, 1, 1, 3, 2, 3, 1, 5, 4, 1, 5, 2, 5]",1740.0,"[3, 4, 2, 5, 2, 2, 2, 2, 5, 1, 4, 3, 3, 4, 3, 1, 1, 5, 4, 1, 3, 1, 4, 4, 4, 1, 3, 5, 1, 5]","[240, 180]","[7.0, 10.0]",[1500],[7.5],[4800.0],[10.0],[2940],[7.0]
44,44,2820,"[3, 1, 1, 5, 4, 2, 2, 2, 3, 4, 3, 2, 3, 4, 1, 1, 1, 3, 4, 5, 2, 1, 3, 1, 4, 2, 1, 5, 2, 5]",,,,,,,,,,
45,45,5100,"[3, 4, 3, 5, 3, 2, 5, 1, 2, 1, 3, 2, 3, 4, 1, 1, 2, 3, 3, 4, 2, 4, 4, 2, 3, 1, 3, 5, 2, 5]",201000.0,"[4, 1, 3, 5, 4, 2, 5, 1, 5, 5, 3, 3, 3, 4, 1, 1, 1, 2, 5, 4, 2, 1, 4, 3, 4, 1, 2, 5, 2, 5]","[2400, 900, 1980]","[7.5, 7.5, 10.0]","[4200, 40200]","[5.0, 10.0]",[11400.0],[5.0],[288240],[9.0]
46,46,2040,"[3, 1, 3, 5, 2, 2, 2, 2, 5, 1, 4, 2, 4, 4, 3, 1, 2, 2, 5, 4, 1, 2, 2, 1, 3, 5, 3, 5, 4, 3]",,,,,,,,,,
47,47,600,"[4, 4, 3, 1, 3, 1, 3, 3, 2, 3, 2, 2, 2, 4, 4, 4, 2, 3, 5, 5, 4, 4, 4, 3, 4, 1, 4, 2, 5, 5]",,,,,,,,,,
48,48,1200,"[3, 3, 3, 5, 4, 2, 2, 2, 5, 1, 3, 2, 4, 4, 1, 1, 2, 2, 5, 4, 5, 1, 1, 1, 3, 5, 3, 5, 2, 3]",,,,,,,,,,
49,49,3720,"[5, 1, 3, 5, 2, 2, 2, 4, 5, 1, 1, 3, 4, 4, 2, 1, 2, 2, 5, 4, 3, 2, 2, 1, 3, 2, 2, 5, 2, 3]",1320.0,"[3, 1, 3, 5, 1, 2, 2, 2, 2, 1, 1, 2, 4, 4, 1, 3, 2, 2, 1, 4, 3, 1, 3, 1, 3, 2, 2, 5, 2, 3]","[240, 120, 180, 420, 120, 60, 420, 120]","[7.0, 5.0, 5.0, 9.5, 10.0, 7.5, 10.0, 10.0]","[420, 360, 120]","[7.5, 7.5, 10.0]","[2700.0, 2100.0, 480.0, 60.0, 51840.0, 540.0, 5040.0, 480.0, 480.0, 300.0, 180.0, 240.0, 120.0, 360.0]","[5.0, 2.5, 0.0, 0.0, 5.0, 5.0, 2.5, 5.0, 5.0, 5.0, 7.5, 7.5, 5.0, 10.0]","[4260, 1260]","[7.7, 9.0]"
50,50,1440,"[3, 4, 3, 5, 2, 2, 1, 2, 5, 1, 2, 3, 2, 1, 1, 3, 1, 4, 5, 5, 3, 1, 3, 1, 4, 3, 1, 5, 2, 5]",,,,,,,,,,
51,51,2040,"[3, 4, 3, 1, 3, 3, 2, 2, 3, 4, 2, 3, 3, 2, 3, 3, 1, 4, 1, 4, 3, 2, 3, 1, 4, 4, 3, 4, 2, 5]",,,,,,,,,,
52,52,2280,"[2, 4, 3, 1, 3, 4, 1, 2, 5, 1, 3, 2, 3, 1, 3, 2, 2, 5, 3, 2, 2, 4, 3, 1, 2, 2, 2, 1, 1, 2]",,,,,,,,,,
53,53,1620,"[4, 5, 3, 1, 4, 2, 2, 1, 3, 1, 2, 2, 3, 4, 1, 1, 2, 4, 4, 2, 4, 2, 3, 1, 3, 4, 3, 4, 2, 5]",,,"[1440, 1800, 22920, 240, 420, 180]","[7.5, 2.5, 5.0, 7.5, 7.5, 10.0]","[12660, 240, 1080, 300, 2400, 60]","[7.5, 2.5, 7.5, 5.0, 7.5, 10.0]",,,,
54,54,264060,"[3, 1, 3, 5, 4, 1, 5, 1, 2, 1, 5, 3, 4, 4, 1, 1, 1, 4, 5, 5, 3, 2, 2, 1, 4, 2, 3, 5, 2, 5]",,,,,,,,,,
55,55,1140,"[4, 4, 3, 5, 5, 2, 2, 4, 3, 1, 3, 2, 3, 4, 3, 1, 1, 2, 5, 4, 5, 4, 4, 1, 4, 5, 3, 5, 2, 5]",1380.0,"[3, 2, 3, 5, 4, 2, 2, 4, 3, 1, 4, 2, 4, 4, 1, 1, 2, 4, 5, 4, 5, 2, 2, 1, 3, 2, 3, 5, 2, 5]","[180, 120, 360, 540, 120, 60, 120, 60, 360, 120, 60, 60, 120, 60, 60]","[7.0, 0.0, 5.0, 5.0, 7.0, 7.5, 5.0, 7.5, 4.5, 2.5, 5.0, 7.0, 7.5, 9.5, 10.0]","[300, 240, 120, 480, 120, 60, 180, 25620]","[5.0, 7.5, 5.0, 5.0, 7.5, 10.0, 2.5, 0.0]","[1440.0, 360.0, 420.0, 660.0, 480.0, 540.0, 4380.0, 660.0, 17160.0, 480.0, 180.0, 120.0, 600.0, 540.0, 180.0, 480.0, 240.0, 600.0, 180.0]","[5.0, 5.0, 0.0, 2.5, 5.0, 0.0, 5.0, 5.0, 2.5, 5.0, 5.0, 5.0, 5.0, 5.0, 7.5, 5.0, 5.0, 2.5, 10.0]",,
56,56,527400,"[3, 4, 5, 5, 3, 1, 2, 5, 3, 4, 2, 2, 1, 4, 3, 1, 1, 4, 1, 5, 3, 2, 1, 1, 4, 2, 1, 4, 4, 5]",,,,,,,,,,
57,57,2040,"[3, 2, 3, 1, 2, 3, 3, 2, 5, 4, 1, 2, 3, 3, 3, 3, 1, 1, 4, 1, 2, 4, 3, 2, 5, 1, 3, 3, 4, 5]",,,,,,,,,,
58,58,6300,"[3, 4, 3, 1, 5, 1, 4, 1, 2, 5, 2, 2, 3, 1, 3, 4, 5, 4, 5, 5, 2, 1, 3, 3, 5, 2, 1, 4, 5, 5]",,,"[98760, 240, 240, 360, 600, 420, 120, 180, 60]","[0.0, 2.0, 2.5, 5.0, 7.5, 5.0, 5.0, 5.0, 10.0]","[120, 120, 120, 420, 120, 60, 60, 120]","[5.0, 2.5, 5.0, 5.0, 5.0, 5.0, 7.5, 10.0]",[1200.0],[0.0],,
59,59,1920,"[1, 1, 2, 5, 4, 2, 4, 4, 3, 2, 3, 2, 2, 4, 3, 3, 1, 4, 3, 3, 2, 2, 3, 2, 4, 2, 3, 5, 2, 5]",,,,,,,,,,
60,60,960,"[3, 4, 2, 5, 5, 1, 2, 2, 3, 4, 3, 2, 1, 1, 2, 3, 1, 3, 4, 4, 1, 2, 3, 3, 2, 2, 1, 2, 2, 5]",,,,,,,,,,
61,61,1260,"[3, 2, 1, 1, 1, 2, 2, 4, 5, 1, 2, 2, 3, 4, 3, 1, 1, 2, 4, 2, 3, 2, 3, 2, 2, 5, 3, 4, 2, 5]",,,"[493440, 300, 360, 7980, 120, 120]","[7.5, 5.0, 5.0, 5.0, 7.5, 10.0]","[960, 240]","[2.5, 5.0]",[720.0],[7.5],,
62,62,7308300,"[3, 1, 3, 1, 4, 2, 5, 5, 3, 5, 3, 2, 5, 1, 1, 5, 4, 5, 2, 4, 4, 4, 3, 3, 5, 2, 1, 4, 5, 2]",,,,,,,,,,
63,63,40320,"[3, 4, 3, 1, 1, 3, 5, 4, 2, 5, 3, 3, 2, 4, 3, 2, 1, 3, 5, 5, 5, 4, 5, 4, 1, 4, 3, 3, 1, 2]",,,,,,,,,,
64,64,18960,"[4, 4, 3, 5, 2, 2, 2, 2, 5, 1, 4, 2, 4, 4, 3, 1, 2, 2, 5, 5, 3, 1, 1, 1, 3, 1, 1, 5, 2, 5]",3300.0,"[3, 1, 3, 5, 2, 1, 2, 1, 2, 1, 4, 2, 4, 4, 1, 1, 2, 2, 1, 3, 2, 1, 1, 4, 3, 1, 3, 5, 2, 3]",[180],[10.0],"[360, 480, 120, 60, 60, 0, 0, 60, 0]","[7.5, 2.5, 2.5, 7.5, 7.5, 7.5, 7.5, 7.5, 10.0]","[1080.0, 420.0, 420.0, 2164260.0, 720.0, 98460.0, 1980.0, 2100.0, 300.0, 660.0, 420.0]","[7.5, 2.5, 2.5, 5.0, 5.0, 7.5, 2.5, 5.0, 10.0, 2.5, 7.5]","[2400, 2460, 2280, 3360, 1560]","[7.5, 6.0, 7.3, 9.3, 8.5]"
65,65,3780,"[3, 2, 2, 1, 4, 2, 2, 2, 5, 1, 3, 2, 1, 4, 3, 1, 4, 4, 3, 4, 5, 4, 2, 1, 4, 1, 3, 5, 2, 5]",1980.0,"[3, 4, 2, 5, 4, 2, 2, 4, 5, 2, 3, 2, 1, 4, 3, 1, 1, 4, 5, 4, 5, 2, 2, 1, 4, 3, 3, 5, 2, 5]","[900, 300, 120, 120]","[7.5, 10.0, 5.0, 10.0]","[780, 600, 1920]","[10.0, 7.5, 10.0]","[1920.0, 3480.0]","[10.0, 7.5]","[2700, 780, 1260, 1440, 1260, 1320, 2220, 1260, 1320, 300]","[8.3, 9.0, 8.7, 8.3, 9.3, 9.7, 8.0, 8.0, 9.3, 0.0]"
66,66,1980,"[3, 1, 2, 1, 3, 3, 5, 5, 2, 1, 3, 5, 3, 1, 3, 3, 1, 5, 4, 3, 3, 5, 4, 3, 2, 5, 1, 4, 1, 5]",,,,,,,,,,
67,67,2850120,"[3, 1, 3, 5, 3, 1, 2, 2, 3, 4, 3, 2, 3, 3, 3, 3, 1, 5, 5, 5, 3, 4, 5, 5, 1, 2, 3, 5, 4, 5]",,,,,,,,,,
68,68,3540,"[2, 2, 3, 5, 3, 1, 5, 5, 2, 3, 2, 2, 2, 4, 1, 3, 1, 5, 4, 0, 2, 2, 1, 1, 3, 4, 3, 5, 1, 5]",,,,,,,,,,
69,69,1560,"[1, 4, 3, 4, 3, 2, 2, 2, 3, 5, 2, 4, 1, 4, 3, 4, 1, 2, 4, 5, 5, 5, 5, 5, 4, 4, 1, 2, 1, 5]",,,,,,,,,,
70,70,5400,"[4, 4, 2, 1, 3, 1, 1, 1, 2, 1, 2, 2, 2, 4, 3, 3, 4, 3, 4, 1, 2, 1, 1, 3, 4, 2, 1, 4, 4, 5]",4646520.0,"[3, 1, 3, 1, 4, 1, 1, 2, 4, 1, 5, 2, 3, 4, 3, 3, 1, 5, 4, 3, 3, 1, 2, 3, 4, 2, 1, 4, 2, 5]","[2040, 1500, 300]","[7.5, 4.5, 10.0]","[2280, 827940, 6235200, 5280, 780, 960]","[2.5, 5.0, 0.0, 7.5, 5.0, 10.0]","[401760.0, 4320.0]","[5.0, 2.5]",[7920],[8.2]
71,71,1320,"[3, 5, 2, 1, 2, 1, 2, 4, 5, 5, 2, 2, 2, 4, 3, 3, 4, 4, 3, 1, 3, 1, 1, 1, 1, 1, 1, 4, 2, 5]",,,,,,,,,,
72,72,26940,"[2, 4, 2, 5, 4, 1, 1, 1, 2, 4, 3, 2, 3, 1, 3, 3, 1, 3, 4, 3, 2, 1, 4, 3, 4, 1, 3, 4, 4, 5]",2160.0,"[3, 1, 2, 5, 4, 1, 1, 2, 5, 4, 4, 2, 2, 1, 3, 3, 1, 4, 4, 3, 3, 3, 4, 3, 5, 2, 3, 4, 2, 3]","[660, 1140, 120, 240, 180960]","[7.5, 5.0, 5.0, 7.5, 10.0]","[360, 780]","[5.0, 10.0]","[2220.0, 517920.0, 351960.0, 2820.0, 360.0]","[2.5, 0.0, 2.5, 7.5, 7.5]",,
73,73,3000,"[3, 1, 3, 5, 1, 2, 2, 4, 5, 1, 2, 2, 4, 2, 1, 1, 1, 3, 1, 5, 2, 2, 3, 1, 4, 2, 4, 5, 2, 1]",262740.0,"[3, 1, 3, 5, 1, 2, 2, 2, 4, 1, 1, 2, 4, 4, 1, 1, 2, 2, 5, 1, 4, 2, 2, 1, 3, 5, 2, 5, 2, 3]","[480, 420, 180]","[2.5, 2.0, 10.0]",[1380],[10.0],"[2820.0, 4620.0]","[5.0, 10.0]","[3720, 2340, 3960, 1440, 2880, 2100, 1800, 1560, 1080, 2100, 1860, 2940]","[7.3, 8.7, 6.0, 9.3, 7.3, 8.3, 8.7, 6.7, 9.3, 8.0, 9.3, 10.0]"
74,74,3045840,"[3, 1, 3, 5, 2, 2, 2, 5, 3, 5, 1, 3, 4, 1, 1, 1, 2, 2, 3, 3, 2, 4, 4, 1, 4, 4, 1, 5, 2, 3]",,,,,,,,,,
75,75,1680,"[3, 1, 1, 5, 2, 2, 2, 2, 5, 3, 1, 2, 4, 4, 3, 1, 2, 2, 5, 3, 2, 2, 3, 1, 3, 2, 3, 5, 1, 3]",,,,,,,,,,
76,76,3420,"[3, 4, 1, 5, 1, 2, 1, 1, 2, 4, 3, 3, 3, 4, 2, 3, 4, 3, 5, 5, 2, 4, 3, 1, 5, 2, 3, 5, 4, 5]",1500.0,"[4, 4, 1, 5, 1, 2, 2, 1, 5, 1, 3, 3, 1, 1, 1, 3, 1, 3, 5, 3, 5, 4, 3, 1, 5, 2, 1, 5, 5, 1]","[240, 300, 360]","[5.0, 7.0, 10.0]","[420, 1320, 180, 60, 60, 60, 60]","[2.5, 5.0, 5.0, 5.0, 7.5, 7.5, 10.0]","[1800.0, 1068960.0, 1200.0, 480.0, 600.0, 300.0, 240.0, 600.0, 180.0, 120.0, 60.0, 60.0, 300.0, 60.0, 420.0, 60.0, 120.0, 300.0, 180.0, 60.0]","[2.5, 7.5, 0.0, 7.5, 7.5, 7.5, 5.0, 5.0, 5.0, 5.0, 7.5, 10.0, 7.5, 5.0, 5.0, 7.5, 5.0, 7.5, 5.0, 10.0]","[2040, 3060, 1500, 1260, 1380, 960, 1140, 1380, 1140, 840]","[6.3, 7.0, 8.0, 7.3, 9.3, 8.0, 8.0, 8.0, 9.3, 10.0]"
77,77,2040,"[3, 2, 3, 1, 2, 2, 2, 2, 5, 1, 1, 2, 3, 4, 3, 1, 1, 4, 1, 4, 2, 4, 3, 3, 4, 5, 3, 3, 2, 5]",,,,,,,,,,
78,78,704100,"[3, 4, 3, 1, 3, 2, 2, 2, 3, 1, 2, 2, 2, 4, 2, 3, 2, 3, 5, 4, 2, 4, 1, 3, 5, 1, 3, 4, 2, 5]",,,,,,,,,,
79,79,1440,"[3, 4, 3, 5, 2, 2, 2, 5, 5, 3, 3, 3, 3, 4, 1, 3, 1, 4, 5, 4, 5, 2, 4, 1, 3, 5, 1, 5, 4, 3]",,,,,,,,,,
80,80,603840,"[3, 1, 3, 5, 4, 2, 2, 2, 5, 1, 4, 2, 4, 4, 3, 1, 4, 4, 5, 4, 5, 2, 2, 1, 3, 5, 3, 5, 4, 3]",,,,,,,,,,
81,81,2940,"[3, 1, 3, 1, 3, 2, 5, 2, 5, 1, 3, 2, 3, 4, 3, 1, 1, 5, 1, 4, 5, 2, 2, 1, 4, 2, 3, 4, 2, 5]",,,,,,,,,,
82,82,2460,"[3, 1, 3, 1, 3, 2, 2, 2, 2, 1, 2, 2, 3, 1, 3, 3, 1, 4, 4, 5, 1, 1, 3, 3, 4, 2, 1, 4, 4, 5]",520500.0,"[3, 5, 3, 1, 5, 1, 2, 2, 5, 3, 3, 2, 3, 4, 3, 3, 1, 5, 5, 3, 5, 2, 3, 1, 4, 2, 1, 4, 4, 5]","[420, 240, 1680, 240, 240, 240, 240, 240, 60]","[2.5, 7.5, 7.5, 7.5, 5.0, 5.0, 7.5, 7.5, 10.0]",[1140],[10.0],"[6840.0, 518760.0, 1020.0, 600.0, 660.0]","[5.0, 2.5, 0.0, 2.5, 10.0]",,
83,83,300,"[3, 1, 1, 5, 1, 3, 3, 3, 2, 1, 4, 2, 5, 2, 4, 2, 5, 2, 3, 4, 3, 4, 1, 2, 1, 1, 1, 3, 3, 5]",,,,,,,,,,
84,84,82680,"[4, 1, 3, 1, 2, 2, 2, 1, 2, 5, 3, 2, 2, 1, 3, 1, 1, 3, 5, 1, 2, 2, 1, 1, 5, 1, 3, 4, 2, 5]",,,,,,,,,,
85,85,3840,"[3, 2, 3, 5, 4, 2, 2, 2, 4, 2, 3, 2, 3, 4, 1, 1, 1, 4, 2, 3, 2, 1, 3, 1, 4, 1, 2, 5, 5, 5]",4020.0,"[3, 4, 3, 5, 5, 2, 2, 1, 5, 1, 3, 2, 3, 4, 2, 1, 4, 4, 1, 3, 3, 1, 3, 1, 4, 1, 3, 5, 2, 5]","[780, 780, 360, 840]","[7.5, 7.5, 10.0, 10.0]","[1380, 840, 7500]","[5.0, 5.0, 10.0]","[429900.0, 6360.0, 35820.0, 16980.0, 5880.0, 61380.0, 10080.0]","[2.5, 2.5, 7.5, 7.5, 5.0, 5.0, 10.0]",[4200],[8.3]
86,86,35220,"[5, 4, 2, 5, 3, 2, 2, 4, 4, 4, 4, 5, 3, 2, 3, 3, 4, 3, 3, 3, 3, 1, 4, 2, 5, 1, 1, 4, 1, 4]",,,,,,,,,,
87,87,3420,"[3, 1, 3, 1, 5, 2, 2, 1, 2, 1, 1, 2, 4, 4, 1, 1, 1, 4, 5, 5, 4, 2, 2, 1, 4, 1, 3, 4, 4, 3]",,,,,,,,,,
88,88,5880,"[3, 4, 1, 4, 3, 1, 2, 1, 2, 5, 2, 3, 3, 4, 3, 1, 1, 4, 1, 5, 2, 4, 4, 1, 4, 4, 2, 5, 2, 5]",61080.0,"[3, 1, 1, 5, 4, 2, 2, 1, 2, 5, 3, 4, 2, 3, 1, 1, 1, 4, 2, 2, 2, 4, 2, 1, 4, 2, 2, 5, 2, 5]",[780],[7.5],"[300, 180, 360, 60]","[5.0, 2.5, 2.5, 7.5]","[720.0, 300.0, 120.0, 120.0, 60.0, 120.0, 60.0, 60.0, 120.0, 0.0]","[2.5, 5.0, 2.5, 2.5, 5.0, 5.0, 5.0, 5.0, 2.5, 7.5]",[30480],[8.7]
89,89,2940,"[3, 1, 3, 5, 2, 2, 2, 2, 1, 1, 4, 2, 4, 4, 1, 1, 2, 2, 5, 4, 3, 2, 2, 1, 3, 5, 3, 5, 2, 3]",,,,,,,,,,
90,90,1200,"[3, 2, 3, 5, 1, 2, 1, 1, 3, 1, 1, 2, 1, 1, 3, 1, 1, 4, 5, 1, 2, 4, 3, 1, 4, 1, 3, 3, 2, 2]",,,,,,,,,,
91,91,3960,"[4, 1, 5, 1, 4, 2, 2, 1, 3, 5, 2, 3, 3, 4, 4, 3, 1, 3, 2, 5, 1, 5, 4, 3, 2, 2, 1, 4, 1, 5]",,,,,,,,,,
92,92,4260,"[1, 2, 3, 1, 4, 1, 2, 1, 1, 5, 3, 2, 3, 1, 3, 1, 1, 5, 4, 2, 4, 4, 5, 5, 5, 4, 3, 4, 2, 5]",,,,,,,,,,
93,93,1320,"[3, 1, 3, 5, 5, 2, 2, 4, 5, 1, 4, 2, 4, 4, 3, 1, 2, 3, 5, 4, 5, 4, 1, 1, 4, 2, 3, 4, 2, 3]",2820.0,"[3, 1, 3, 5, 2, 2, 2, 4, 1, 2, 3, 2, 4, 4, 1, 1, 1, 2, 5, 4, 5, 4, 4, 1, 3, 4, 3, 5, 2, 1]","[240, 300]","[7.5, 10.0]",[180],[10.0],[780.0],[10.0],"[900, 540, 900, 720]","[7.8, 8.7, 7.3, 10.0]"
94,94,3000,"[3, 1, 3, 5, 2, 2, 2, 2, 5, 1, 4, 2, 4, 4, 1, 1, 2, 2, 5, 1, 5, 2, 4, 5, 3, 5, 3, 5, 4, 3]",,,"[240, 120, 120]","[7.5, 7.0, 10.0]",[600],[10.0],[840.0],[7.5],,
95,95,1140,"[3, 1, 1, 5, 3, 1, 2, 1, 2, 5, 4, 2, 3, 4, 3, 1, 1, 4, 4, 5, 5, 4, 4, 1, 4, 1, 1, 4, 2, 5]",,,,,,,,,,
96,96,128400,"[3, 1, 2, 5, 3, 2, 2, 2, 5, 1, 4, 2, 4, 4, 1, 1, 1, 3, 3, 4, 5, 2, 2, 1, 4, 5, 3, 5, 5, 3]",,,[480],[7.5],[300],[7.5],,,,
97,97,2280,"[3, 1, 1, 4, 5, 1, 2, 1, 3, 4, 3, 3, 1, 2, 1, 3, 1, 5, 5, 3, 5, 4, 1, 1, 5, 4, 1, 5, 4, 5]",,,,,,,,,,
98,98,1320,"[3, 1, 2, 5, 4, 1, 1, 4, 5, 2, 3, 2, 1, 4, 1, 1, 0, 5, 4, 2, 5, 2, 5, 4, 4, 2, 3, 2, 2, 5]",,,,,,,,,,
99,99,333480,"[4, 1, 3, 5, 5, 2, 2, 1, 2, 4, 2, 2, 2, 2, 1, 1, 1, 5, 2, 4, 1, 4, 3, 1, 3, 1, 1, 5, 4, 5]",,,,,,,,,,
100,100,1320,"[5, 1, 2, 5, 4, 2, 1, 1, 5, 4, 1, 2, 4, 1, 3, 1, 2, 3, 5, 4, 5, 5, 4, 3, 3, 2, 2, 5, 2, 3]",1020.0,"[2, 1, 2, 5, 2, 2, 2, 1, 5, 1, 4, 2, 4, 1, 1, 1, 2, 2, 5, 4, 5, 2, 2, 2, 3, 5, 3, 5, 2, 3]","[240, 60, 60, 60, 180, 60]","[7.5, 9.5, 7.5, 10.0, 7.5, 10.0]",[180],[10.0],"[600.0, 300.0, 540.0, 120.0, 240.0, 540.0, 300.0, 420.0, 420.0, 180.0, 60.0]","[7.5, 5.0, 5.0, 5.0, 2.5, 7.5, 7.5, 5.0, 7.5, 7.5, 10.0]","[600, 600]","[7.3, 7.0]"
101,101,2340,"[3, 1, 3, 5, 2, 2, 2, 2, 5, 1, 4, 2, 4, 4, 1, 1, 2, 2, 5, 1, 5, 2, 2, 1, 3, 4, 3, 5, 2, 3]",2520.0,"[3, 1, 3, 5, 2, 2, 2, 2, 5, 1, 4, 2, 4, 4, 1, 1, 2, 2, 5, 4, 5, 2, 2, 1, 3, 5, 3, 5, 2, 3]",[1080],[9.5],[360],[10.0],"[2940.0, 1500.0, 1020.0]","[5.0, 7.5, 10.0]",[3540],[7.4]
102,102,1620,"[4, 1, 3, 5, 3, 1, 2, 2, 5, 5, 2, 3, 2, 1, 4, 3, 4, 4, 1, 2, 2, 4, 3, 3, 5, 2, 1, 4, 1, 2]",1320.0,"[3, 1, 1, 5, 4, 1, 2, 1, 2, 1, 3, 3, 1, 1, 3, 3, 4, 5, 1, 1, 2, 2, 3, 1, 5, 1, 1, 4, 4, 2]","[1920, 720]","[7.5, 10.0]","[3060, 840]","[7.5, 7.5]","[17640.0, 1140.0, 1440.0]","[5.0, 5.0, 5.0]","[2520, 4920]","[3.0, 7.7]"
103,103,8880,"[3, 2, 2, 5, 5, 2, 2, 2, 4, 1, 3, 2, 3, 4, 1, 5, 2, 4, 5, 4, 2, 2, 3, 1, 4, 5, 3, 5, 2, 5]",87300.0,"[3, 2, 2, 5, 2, 2, 2, 2, 3, 2, 4, 2, 4, 4, 1, 1, 1, 2, 5, 3, 2, 2, 3, 1, 3, 5, 1, 5, 2, 5]","[360, 420]","[7.5, 10.0]","[480, 83640]","[5.0, 10.0]","[1680.0, 1560.0]","[7.5, 10.0]",[9180],[8.3]
104,104,52680,"[4, 4, 3, 5, 4, 2, 2, 2, 3, 4, 3, 2, 3, 1, 3, 5, 1, 4, 5, 5, 3, 1, 2, 3, 3, 5, 3, 5, 2, 5]",,,,,,,,,,
105,105,1860,"[3, 1, 3, 1, 4, 2, 5, 5, 2, 1, 3, 3, 2, 1, 1, 1, 2, 5, 2, 1, 2, 4, 4, 1, 3, 4, 3, 4, 2, 5]",,,"[360, 180, 180]","[5.0, 4.5, 10.0]","[300, 780, 16500, 540]","[5.0, 7.5, 7.5, 10.0]",,,,
106,106,107400,"[3, 2, 1, 5, 5, 1, 2, 2, 3, 5, 4, 3, 3, 4, 1, 1, 2, 5, 3, 2, 4, 5, 3, 4, 2, 5, 2, 1, 2, 5]",,,,,,,,,,
107,107,3540,"[3, 1, 3, 5, 2, 2, 2, 2, 5, 1, 4, 2, 4, 4, 1, 1, 2, 2, 5, 3, 4, 2, 2, 1, 3, 3, 3, 5, 4, 3]",,,,,,,,,,
108,108,1620,"[3, 4, 3, 5, 3, 5, 3, 2, 3, 3, 1, 2, 2, 1, 3, 4, 1, 5, 4, 2, 1, 5, 4, 1, 3, 2, 1, 4, 2, 5]",,,,,,,,,,
109,109,3480,"[3, 1, 1, 1, 5, 1, 5, 2, 5, 1, 1, 3, 3, 2, 3, 3, 1, 5, 4, 3, 2, 5, 3, 3, 3, 4, 3, 3, 2, 5]",,,,,,,,,,
110,110,2340,"[3, 4, 3, 5, 2, 2, 2, 2, 5, 1, 5, 2, 3, 4, 1, 5, 2, 2, 1, 5, 2, 2, 3, 3, 3, 2, 4, 5, 4, 3]",,,"[180, 240, 180, 180]","[7.5, 10.0, 7.5, 10.0]","[600, 300, 180, 840, 120]","[2.5, 7.5, 7.5, 5.0, 10.0]",,,,
111,111,423120,"[4, 4, 1, 5, 5, 3, 2, 2, 3, 5, 3, 2, 1, 4, 1, 1, 1, 5, 4, 1, 5, 4, 1, 1, 3, 1, 1, 4, 2, 5]",,,,,,,,,,
112,112,6420,"[3, 4, 3, 1, 5, 3, 2, 1, 2, 1, 2, 2, 3, 4, 3, 1, 1, 5, 5, 1, 2, 4, 3, 1, 4, 2, 1, 5, 1, 3]",3060.0,"[3, 4, 3, 5, 4, 2, 2, 2, 5, 1, 4, 2, 3, 4, 3, 1, 4, 4, 5, 3, 2, 2, 3, 1, 5, 4, 3, 5, 2, 3]","[420, 1020, 360, 420, 480, 120]","[2.0, 5.0, 7.0, 5.0, 5.0, 10.0]","[1260, 840, 660]","[2.5, 7.5, 10.0]","[25440.0, 3060.0, 2880.0, 3840.0, 1020.0, 1200.0, 1080.0, 3720.0, 1260.0]","[0.0, 5.0, 5.0, 7.5, 5.0, 5.0, 7.5, 5.0, 7.5]","[5520, 3540, 4380, 3060, 2880]","[5.7, 6.3, 5.4, 6.7, 6.7]"
113,113,1320,"[3, 1, 2, 5, 1, 1, 4, 4, 2, 2, 3, 2, 2, 2, 1, 1, 2, 5, 4, 1, 1, 1, 2, 1, 3, 5, 2, 5, 4, 5]",,,,,,,,,,
114,114,168960,"[3, 4, 2, 1, 1, 1, 1, 1, 3, 3, 3, 2, 3, 2, 1, 1, 1, 3, 1, 5, 2, 4, 3, 1, 5, 1, 1, 5, 2, 5]",,,,,,,,,,
115,115,3300,"[3, 1, 1, 5, 2, 2, 2, 4, 5, 2, 3, 2, 3, 4, 3, 1, 2, 2, 4, 4, 2, 1, 3, 1, 3, 5, 3, 5, 4, 3]",,,"[540, 420]","[10.0, 7.5]","[300, 240]","[2.5, 7.5]",[4722960.0],[2.5],,
116,116,1200,"[3, 1, 3, 5, 2, 2, 2, 2, 5, 1, 4, 2, 4, 4, 1, 1, 2, 2, 5, 4, 3, 2, 2, 1, 3, 5, 3, 5, 4, 3]",,,,,,,,,,
117,117,7515660,"[4, 4, 2, 1, 3, 2, 2, 2, 2, 1, 2, 2, 2, 1, 1, 1, 1, 2, 1, 1, 2, 1, 1, 1, 1, 1, 1, 4, 1, 5]",,,,,,,,,,
118,118,180,"[2, 4, 2, 5, 4, 2, 4, 2, 5, 1, 3, 2, 4, 2, 3, 4, 5, 3, 4, 1, 4, 3, 5, 2, 2, 4, 3, 4, 3, 2]",,,,,,,,,,
119,119,1088520,"[3, 2, 2, 5, 3, 2, 2, 1, 1, 1, 4, 2, 4, 4, 3, 1, 2, 5, 3, 3, 5, 1, 1, 1, 3, 4, 2, 5, 3, 3]",3180.0,"[1, 2, 2, 5, 3, 2, 2, 1, 3, 4, 4, 3, 4, 4, 3, 1, 2, 2, 5, 3, 2, 4, 4, 3, 3, 4, 3, 5, 2, 3]","[180, 300, 360, 240, 180, 60]","[5.0, 5.0, 4.5, 5.0, 7.5, 10.0]","[1500, 660, 1020]","[5.0, 2.5, 10.0]","[2220.0, 31860.0, 6000.0, 900.0, 1740.0, 1320.0, 480.0, 720.0, 840.0, 960.0, 1080.0, 300.0]","[2.5, 7.5, 5.0, 5.0, 5.0, 7.5, 5.0, 5.0, 5.0, 7.5, 5.0, 10.0]","[390600, 16860, 144600, 2640, 4440]","[5.7, 7.7, 6.8, 7.0, 8.8]"
120,120,2340,"[3, 1, 3, 5, 2, 2, 2, 4, 5, 1, 4, 2, 4, 4, 3, 1, 2, 2, 5, 4, 5, 2, 2, 1, 3, 5, 3, 5, 2, 3]",3420.0,"[3, 1, 3, 5, 2, 2, 2, 4, 5, 1, 4, 2, 4, 4, 3, 1, 2, 2, 5, 4, 5, 2, 2, 1, 3, 5, 3, 5, 2, 3]",[420],[10.0],[420],[10.0],"[4080.0, 2700.0, 1920.0, 2160.0]","[5.0, 7.5, 7.5, 10.0]",,
121,121,4200,"[4, 3, 2, 4, 5, 1, 2, 1, 2, 5, 3, 2, 2, 4, 4, 5, 1, 5, 4, 5, 1, 4, 4, 5, 1, 2, 1, 2, 4, 5]",3960.0,"[3, 1, 3, 5, 2, 2, 2, 2, 5, 1, 4, 2, 4, 4, 1, 1, 2, 2, 5, 4, 5, 2, 2, 1, 3, 5, 3, 5, 2, 3]","[600, 300, 180, 240, 240, 240, 180, 120]","[2.5, 2.5, 5.0, 5.0, 5.0, 5.0, 7.5, 10.0]","[300, 960, 840, 360, 660, 900, 120, 120, 0, 300, 60]","[0.0, 0.0, 5.0, 7.5, 5.0, 5.0, 7.5, 5.0, 7.5, 7.5, 10.0]","[420.0, 720.0, 420.0, 360.0, 180.0, 1620.0, 1440.0, 0.0, 180.0]","[2.5, 5.0, 2.5, 2.5, 2.5, 5.0, 5.0, 0.0, 5.0]",[11760],[7.3]
122,122,3000,"[3, 1, 3, 5, 3, 2, 2, 2, 5, 1, 4, 2, 3, 4, 1, 1, 1, 5, 5, 4, 3, 2, 2, 1, 4, 2, 3, 5, 2, 3]",3120.0,"[3, 1, 3, 5, 3, 2, 2, 2, 5, 1, 4, 2, 4, 4, 3, 1, 1, 2, 5, 4, 5, 1, 4, 3, 5, 2, 3, 4, 2, 3]",[240],[10.0],[587460],[10.0],"[14340.0, 2820.0, 1020.0, 77880.0, 840.0, 1740.0, 660.0]","[2.5, 5.0, 5.0, 7.5, 5.0, 5.0, 10.0]","[2100, 163380]","[5.7, 7.7]"
123,123,3780,"[3, 4, 1, 1, 3, 2, 2, 2, 5, 1, 5, 2, 1, 4, 3, 3, 1, 4, 5, 2, 3, 1, 4, 1, 4, 1, 3, 5, 4, 5]",,,,,,,,,,
124,124,4980,"[3, 2, 3, 1, 5, 1, 2, 5, 5, 4, 3, 2, 3, 4, 2, 3, 4, 5, 5, 4, 1, 4, 1, 1, 4, 2, 3, 4, 2, 5]",,,,,,,,,,
125,125,5340,"[1, 2, 4, 1, 3, 2, 3, 3, 4, 4, 2, 3, 1, 3, 1, 3, 1, 3, 4, 4, 3, 1, 2, 1, 4, 2, 1, 4, 5, 5]",,,,,,,,,,
126,126,1800,"[4, 4, 3, 1, 2, 2, 2, 1, 2, 1, 4, 2, 2, 1, 1, 1, 1, 5, 5, 3, 5, 2, 1, 1, 4, 5, 1, 5, 2, 3]",,,,,,,,,,
127,127,2340,"[4, 4, 5, 5, 1, 2, 3, 1, 5, 4, 3, 5, 3, 4, 3, 1, 4, 3, 2, 3, 2, 2, 4, 2, 4, 1, 4, 4, 2, 4]",,,,,,,,,,
128,128,1980,"[5, 4, 5, 1, 1, 2, 1, 4, 2, 5, 2, 5, 2, 4, 2, 3, 1, 1, 2, 3, 2, 1, 4, 3, 3, 4, 3, 4, 1, 4]",2280.0,"[3, 1, 5, 5, 1, 2, 5, 3, 5, 5, 2, 5, 4, 4, 3, 3, 1, 1, 5, 2, 2, 1, 4, 3, 4, 4, 3, 4, 1, 1]",[2340],[10.0],"[1680, 1920, 720, 120]","[5.0, 2.5, 7.5, 10.0]","[2400.0, 1320.0, 900.0, 300.0, 180.0, 300.0, 180.0, 360.0, 180.0, 540.0, 60.0]","[7.5, 2.5, 0.0, 2.5, 5.0, 7.5, 5.0, 5.0, 5.0, 7.5, 10.0]","[2040, 1140, 2220, 2160, 1800, 1500, 2100, 4800, 1500, 1860, 2040, 1440, 1260, 3300, 1260]","[6.7, 8.0, 8.7, 7.3, 8.0, 8.0, 8.7, 6.7, 9.3, 8.7, 8.0, 9.3, 8.7, 8.0, 10.0]"
129,129,4020,"[4, 5, 5, 1, 3, 2, 2, 2, 5, 5, 2, 3, 2, 4, 4, 4, 5, 4, 5, 3, 5, 4, 2, 5, 2, 2, 1, 2, 1, 5]",,,"[263940, 1260]","[4.5, 7.5]","[720, 1200]","[5.0, 0.0]",,,,
130,130,2700,"[3, 1, 3, 1, 3, 4, 2, 1, 3, 1, 3, 2, 3, 4, 3, 3, 1, 4, 4, 3, 5, 4, 3, 5, 5, 1, 2, 3, 2, 5]",,,,,,,,,,
131,131,331980,"[3, 1, 3, 5, 2, 2, 2, 2, 5, 1, 4, 2, 4, 4, 1, 1, 1, 2, 5, 4, 5, 2, 2, 1, 3, 5, 3, 5, 2, 3]",3960.0,"[3, 1, 3, 5, 2, 2, 2, 2, 5, 1, 4, 2, 4, 4, 1, 1, 2, 2, 5, 4, 5, 2, 2, 1, 3, 5, 3, 5, 2, 3]","[840, 60, 300, 120]","[7.0, 5.0, 5.0, 10.0]","[240, 300, 1140, 360, 120, 60, 60, 300]","[5.0, 5.0, 7.5, 5.0, 2.5, 7.5, 2.5, 10.0]","[4260.0, 64140.0, 360.0]","[2.5, 7.5, 10.0]","[2160, 1980, 1380, 1800, 780, 1140, 1080, 1380, 360, 540, 1080, 720]","[8.0, 8.0, 8.7, 8.7, 8.7, 8.7, 9.3, 9.3, 8.0, 9.3, 8.0, 9.3]"
132,132,1620,"[3, 1, 3, 1, 5, 1, 1, 1, 2, 5, 2, 2, 2, 1, 3, 3, 4, 5, 2, 5, 1, 4, 4, 1, 5, 4, 3, 5, 1, 2]",,,,,,,,,,
133,133,2580,"[5, 4, 2, 1, 5, 1, 5, 1, 3, 4, 2, 3, 2, 1, 3, 3, 4, 5, 1, 2, 5, 2, 4, 2, 3, 3, 4, 3, 1, 5]",,,,,,,,,,
134,134,1620,"[3, 1, 2, 5, 2, 2, 2, 2, 5, 1, 5, 2, 4, 4, 1, 1, 2, 2, 4, 4, 5, 3, 3, 2, 3, 5, 3, 5, 2, 3]",,,,,,,,,,
135,135,2520,"[3, 4, 3, 1, 3, 1, 1, 2, 3, 1, 3, 2, 3, 4, 3, 3, 4, 4, 5, 4, 5, 2, 2, 1, 5, 2, 3, 5, 4, 5]",,,,,,,,,,
136,136,1260,"[5, 4, 4, 2, 2, 1, 2, 1, 2, 5, 3, 5, 3, 3, 3, 3, 1, 5, 2, 2, 2, 1, 3, 5, 2, 2, 1, 1, 1, 3]",,,,,,,,,,
137,137,4440,"[4, 1, 3, 5, 2, 2, 2, 1, 2, 1, 1, 2, 4, 4, 1, 5, 2, 2, 4, 3, 2, 2, 3, 1, 3, 5, 2, 5, 2, 5]",9180.0,"[3, 1, 3, 5, 2, 2, 2, 2, 5, 1, 4, 2, 4, 4, 1, 1, 2, 2, 5, 4, 2, 2, 3, 1, 3, 2, 3, 5, 2, 2]","[1200, 300, 240, 120]","[10.0, 7.0, 5.0, 10.0]","[600, 600]","[5.0, 10.0]","[3300.0, 1440.0, 2700.0, 840.0, 240.0, 180.0, 240.0, 120.0, 240.0, 60.0, 120.0, 60.0, 60.0, 120.0, 0.0, 60.0, 60.0, 60.0, 120.0, 60.0, 60.0, 0.0, 0.0]","[2.5, 7.5, 7.5, 2.5, 5.0, 7.5, 5.0, 5.0, 7.5, 0.0, 7.5, 0.0, 5.0, 7.5, 2.5, 2.5, 0.0, 5.0, 7.5, 0.0, 2.5, 0.0, 10.0]","[2160, 780, 0, 1680, 60, 60, 0, 60, 60, 60, 0, 60, 60, 0, 60, 60, 0, 1140, 300, 0, 420, 0, 60, 0, 0, 0, 0, 60, 0, 0, 60, 0, 0, 0, 2280, 0, 60, 0, 0, 60, 1320, 0, 1620]","[7.7, 2.7, 0.0, 8.7, 0.0, 0.0, 0.0, 0.0, 0.0, 0.0, 0.0, 0.0, 0.0, 0.0, 0.3, 0.7, 0.0, 8.7, 6.0, 0.0, 4.7, 0.0, 1.3, 0.0, 0.0, 0.0, 0.0, 0.0, 0.0, 0.0, 0.0, 0.0, 0.0, 0.0, 8.3, 0.0, 0.0, 0.0, 0.0, 0.0, 6.0, 0.0, 10.0]"
138,138,6960,"[4, 4, 3, 5, 3, 2, 5, 4, 2, 1, 3, 3, 3, 1, 1, 1, 1, 2, 4, 2, 2, 1, 1, 1, 3, 1, 1, 5, 2, 5]",,,,,,,,,,
139,139,14460,"[3, 4, 3, 1, 3, 1, 1, 2, 5, 3, 2, 3, 3, 1, 2, 3, 1, 5, 4, 3, 3, 4, 3, 1, 3, 1, 1, 4, 1, 2]",106920.0,"[3, 4, 2, 1, 3, 2, 1, 5, 5, 4, 3, 3, 3, 1, 3, 1, 1, 4, 4, 1, 5, 4, 3, 1, 2, 4, 1, 4, 2, 5]","[82380, 240, 120, 360, 360, 300, 60]","[2.0, 5.0, 7.5, 7.5, 2.5, 5.0, 10.0]","[1080, 180, 120, 360]","[2.5, 2.5, 5.0, 10.0]","[1920.0, 540.0]","[7.5, 2.5]",[1920],[4.0]
140,140,3660,"[3, 4, 2, 5, 4, 3, 2, 3, 5, 4, 3, 3, 1, 4, 1, 1, 2, 5, 5, 3, 5, 2, 4, 3, 5, 1, 3, 5, 4, 5]",4020.0,"[2, 2, 3, 5, 2, 3, 2, 2, 5, 4, 4, 2, 2, 1, 1, 1, 5, 2, 5, 4, 5, 2, 4, 3, 3, 1, 1, 5, 4, 3]","[540, 720, 1020]","[5.0, 10.0, 7.5]","[900, 1980, 420]","[2.5, 2.5, 7.5]",[2280.0],[2.5],[683040],[6.3]
141,141,1740,"[3, 1, 3, 1, 1, 2, 2, 3, 5, 5, 4, 5, 3, 1, 4, 4, 4, 3, 2, 4, 2, 1, 3, 4, 2, 1, 2, 4, 5, 4]",4560.0,"[3, 5, 3, 5, 2, 2, 2, 1, 2, 1, 1, 2, 4, 4, 1, 1, 2, 2, 3, 4, 5, 2, 2, 1, 3, 5, 1, 5, 2, 5]",[240],[10.0],"[480, 300, 180]","[7.5, 7.5, 10.0]",[2940.0],[10.0],[5040],[8.0]
142,142,1260,"[3, 1, 3, 1, 3, 2, 2, 4, 2, 1, 2, 2, 1, 1, 3, 3, 1, 2, 1, 3, 5, 2, 4, 3, 4, 1, 3, 5, 2, 5]",,,,,,,,,,
143,143,2520,"[3, 1, 1, 1, 5, 1, 2, 1, 2, 1, 2, 2, 3, 3, 1, 1, 1, 4, 4, 3, 2, 1, 3, 5, 5, 4, 2, 4, 1, 5]",14100.0,"[3, 1, 3, 1, 3, 1, 2, 5, 2, 4, 2, 2, 1, 4, 3, 3, 1, 4, 4, 1, 2, 5, 3, 1, 4, 2, 3, 4, 4, 5]","[1140, 540, 360, 360, 180]","[7.5, 5.0, 7.5, 7.5, 10.0]","[840, 600, 1920, 660, 300]","[2.5, 0.0, 7.5, 5.0, 10.0]","[1440.0, 840.0, 720.0, 480.0, 300.0, 240.0, 420.0, 300.0, 120.0, 60.0]","[2.5, 2.5, 5.0, 5.0, 0.0, 7.5, 5.0, 5.0, 5.0, 7.5]","[8100, 45360, 3360]","[5.0, 4.9, 6.7]"
144,144,540,"[3, 1, 3, 1, 2, 4, 1, 5, 4, 2, 3, 3, 2, 1, 4, 4, 4, 1, 4, 5, 2, 4, 5, 4, 4, 3, 2, 2, 4, 4]",,,,,,,,,,
145,145,2700,"[1, 1, 3, 1, 4, 2, 1, 2, 3, 1, 3, 2, 3, 2, 3, 1, 1, 4, 4, 3, 2, 1, 3, 1, 4, 1, 2, 5, 2, 5]",1260.0,"[1, 2, 3, 1, 4, 2, 3, 1, 2, 1, 4, 2, 3, 2, 3, 1, 1, 4, 4, 3, 2, 1, 3, 4, 5, 1, 2, 4, 2, 5]","[180, 120]","[7.5, 7.5]","[180, 840]","[5.0, 7.5]","[780.0, 1260.0, 1080.0]","[0.0, 2.5, 7.5]","[2040, 1740, 1500, 2520]","[7.0, 6.0, 6.0, 8.0]"
146,146,450240,"[3, 1, 3, 5, 4, 2, 2, 5, 2, 3, 3, 2, 3, 2, 1, 1, 1, 5, 5, 3, 5, 1, 5, 3, 4, 2, 3, 5, 2, 5]",,,,,,,,,,
147,147,5760,"[3, 1, 3, 5, 2, 2, 2, 2, 5, 1, 4, 2, 4, 4, 1, 1, 2, 2, 5, 4, 5, 2, 2, 1, 3, 5, 3, 5, 2, 3]",55800.0,"[3, 1, 3, 5, 2, 2, 2, 2, 5, 1, 4, 2, 4, 4, 1, 1, 2, 2, 5, 4, 5, 2, 2, 1, 3, 5, 3, 5, 2, 3]","[1680, 600, 360, 660, 600]","[9.5, 5.0, 7.0, 7.5, 10.0]","[2040, 1080]","[7.5, 10.0]",[6480.0],[7.5],[177180],[9.0]
148,148,1920,"[3, 1, 3, 1, 2, 2, 2, 2, 5, 4, 4, 2, 2, 4, 3, 1, 1, 4, 5, 4, 3, 1, 3, 1, 4, 2, 3, 5, 2, 3]",,,,,,,,,,
149,149,2340,"[3, 5, 2, 1, 4, 1, 2, 4, 2, 3, 2, 2, 3, 3, 3, 3, 3, 4, 4, 5, 5, 1, 5, 1, 4, 4, 5, 4, 1, 2]",,,,,,,,,,
150,150,1800,"[4, 4, 2, 5, 3, 5, 4, 4, 3, 4, 4, 3, 3, 1, 1, 1, 1, 2, 4, 4, 4, 2, 4, 1, 4, 4, 1, 4, 5, 2]",,,,,,,,,,
151,151,1560,"[3, 1, 3, 5, 2, 3, 2, 4, 2, 1, 4, 2, 4, 4, 3, 1, 2, 2, 5, 3, 5, 2, 3, 3, 3, 5, 3, 5, 2, 3]",,,[240],[10.0],[780],[10.0],"[420.0, 300.0, 300.0, 480.0, 240.0, 300.0, 480.0, 420.0]","[0.0, 5.0, 5.0, 5.0, 5.0, 2.5, 7.5, 5.0]",,
152,152,4500,"[3, 1, 3, 5, 2, 2, 5, 5, 5, 1, 4, 2, 4, 4, 3, 1, 2, 2, 5, 4, 2, 2, 3, 1, 3, 5, 3, 5, 2, 3]",,,"[420, 240]","[7.5, 10.0]",[360],[10.0],,,,
153,153,5160,"[3, 4, 3, 5, 2, 2, 2, 2, 5, 2, 4, 2, 4, 4, 4, 1, 2, 2, 5, 3, 3, 2, 2, 1, 3, 5, 2, 5, 2, 3]",4320.0,"[3, 4, 3, 5, 2, 2, 2, 2, 5, 2, 4, 2, 4, 4, 1, 1, 2, 2, 5, 1, 3, 2, 2, 1, 3, 5, 3, 5, 2, 3]","[3120, 480, 120, 120, 180]","[5.0, 7.5, 5.0, 7.5, 10.0]","[2040, 2100]","[7.5, 10.0]","[1980.0, 1320.0]","[5.0, 10.0]","[1320, 1200, 180, 1800, 134340, 1980, 1080, 1140, 60, 540, 4860, 720, 360, 780, 1140, 60, 720, 0, 720, 540, 360, 540, 60, 0, 1020, 420, 600, 840]","[8.7, 8.0, 2.7, 6.7, 8.3, 8.0, 9.3, 8.0, 0.0, 8.7, 8.7, 9.3, 2.7, 9.3, 9.3, 2.0, 9.3, 0.0, 9.3, 8.7, 8.7, 8.0, 0.0, 0.0, 7.3, 9.3, 8.0, 10.0]"
154,154,6840,"[4, 4, 3, 5, 2, 2, 2, 2, 5, 1, 5, 2, 4, 4, 3, 3, 2, 2, 3, 4, 3, 2, 2, 1, 3, 5, 3, 5, 4, 3]",,,,,,,,,,
155,155,1320,"[3, 1, 3, 5, 2, 2, 2, 2, 5, 1, 4, 2, 4, 2, 3, 1, 2, 2, 5, 4, 5, 2, 2, 1, 3, 5, 3, 5, 2, 1]",,,,,,,,,,
156,156,1380,"[3, 1, 3, 5, 5, 2, 1, 2, 3, 5, 3, 2, 3, 4, 1, 1, 2, 5, 4, 3, 5, 2, 2, 3, 3, 2, 2, 5, 4, 3]",,,"[540, 120, 120]","[5.0, 9.5, 10.0]","[780, 600, 120, 60, 60, 0, 0, 120]","[5.0, 2.5, 2.5, 7.5, 7.5, 2.5, 7.5, 10.0]","[1200.0, 420.0, 840.0, 1380.0, 660.0, 480.00000030000007, 1080.0, 479.99999969999993]","[5.0, 2.5, 5.0, 7.5, 2.5, 5.0, 7.5, 7.5]",,
157,157,1980,"[3, 1, 3, 5, 2, 2, 2, 2, 5, 1, 4, 2, 4, 4, 1, 1, 2, 2, 5, 4, 5, 2, 2, 1, 3, 5, 3, 5, 2, 3]",1740.0,"[3, 1, 3, 5, 2, 2, 2, 2, 5, 1, 4, 2, 4, 4, 1, 1, 2, 2, 5, 4, 5, 2, 2, 1, 3, 5, 3, 5, 2, 3]","[180, 120, 60, 60, 60]","[7.5, 10.0, 10.0, 10.0, 10.0]","[180, 420, 60]","[10.0, 10.0, 10.0]","[960.0, 1260.0, 7980.0, 104700.0, 659.9999996]","[7.5, 7.5, 7.5, 10.0, 10.0]","[1680, 1140, 60, 780, 60]","[8.3, 9.7, 1.7, 9.7, 0.7]"
158,158,6217920,"[2, 2, 3, 5, 1, 2, 2, 2, 1, 1, 2, 2, 2, 4, 3, 3, 2, 2, 1, 1, 2, 2, 3, 2, 2, 1, 3, 5, 1, 3]",,,,,,,,,,
159,159,6660,"[1, 2, 1, 1, 2, 3, 2, 4, 3, 5, 1, 3, 3, 1, 1, 1, 4, 1, 5, 3, 2, 4, 4, 5, 2, 4, 3, 5, 5, 4]",1740.0,"[4, 4, 3, 5, 3, 2, 1, 5, 1, 1, 3, 2, 3, 1, 1, 1, 2, 4, 4, 4, 3, 4, 4, 4, 1, 4, 2, 5, 2, 4]","[600, 360, 120, 60, 660]","[5.0, 7.5, 5.0, 7.5, 10.0]","[420, 300, 51240, 420, 660, 1140, 120, 60]","[2.5, 0.0, 5.0, 5.0, 7.5, 2.5, 5.0, 10.0]","[1200.0, 250080.0, 13560.0, 780.0, 1440.0, 479.99999969999993, 180.0, 1140.0, 359.9999999, 119.99999979999998, 119.99999979999998, 180.0, 60.000000199999995, 180.0, 120.00000039999999]","[5.0, 5.0, 2.5, 2.5, 7.5, 5.0, 5.0, 5.0, 5.0, 2.5, 7.5, 5.0, 5.0, 7.5, 10.0]","[1440, 1080, 1500, 1380, 1320, 1740, 1320, 1560, 2160, 8940, 1140, 1920, 1920, 2040, 1860]","[6.0, 6.7, 6.7, 8.0, 8.0, 8.7, 7.3, 8.3, 8.0, 8.7, 7.3, 8.7, 8.7, 8.0, 9.3]"
160,160,2280,"[3, 4, 1, 1, 3, 2, 2, 1, 3, 4, 2, 2, 2, 2, 3, 3, 1, 4, 4, 3, 5, 5, 2, 1, 5, 1, 3, 4, 2, 5]",,,,,,,,,,
161,161,3960,"[3, 1, 3, 5, 5, 2, 2, 2, 3, 1, 4, 2, 4, 4, 2, 1, 1, 2, 4, 4, 5, 4, 1, 1, 4, 2, 2, 5, 2, 3]",,,,,,,,,,
162,162,1680,"[4, 1, 3, 5, 2, 1, 2, 2, 5, 1, 4, 2, 4, 4, 3, 1, 1, 2, 5, 4, 5, 2, 2, 1, 3, 5, 3, 5, 2, 3]",1260.0,"[5, 1, 3, 5, 2, 2, 2, 2, 5, 1, 4, 2, 4, 4, 3, 1, 2, 2, 5, 4, 5, 2, 2, 1, 3, 5, 3, 5, 2, 3]",[240],[9.5],"[2700, 180, 120]","[7.5, 7.5, 10.0]","[2640.0, 1860.0, 1140.0, 1620.0, 1740.0, 299.9999997]","[2.5, 5.0, 5.0, 7.5, 5.0, 7.5]",[2220],[9.0]
163,163,6000,"[3, 5, 3, 5, 3, 1, 1, 2, 5, 4, 2, 3, 2, 2, 1, 5, 2, 4, 3, 1, 3, 4, 2, 1, 2, 4, 1, 5, 4, 2]",,,,,,,,,,
164,164,1080,"[4, 4, 2, 5, 2, 2, 2, 1, 3, 1, 4, 2, 1, 1, 1, 1, 1, 4, 4, 5, 2, 1, 5, 2, 4, 1, 1, 4, 2, 3]",,,,,,,,,,
165,165,1740,"[3, 1, 3, 5, 4, 2, 2, 1, 2, 1, 5, 2, 2, 2, 1, 2, 1, 5, 2, 5, 2, 1, 4, 3, 4, 1, 2, 4, 2, 2]",,,,,,,,,,
166,166,2700,"[4, 4, 5, 1, 5, 2, 1, 5, 5, 4, 3, 4, 2, 2, 2, 3, 1, 5, 1, 5, 2, 2, 4, 2, 3, 3, 2, 3, 2, 3]",3660.0,"[3, 1, 3, 5, 4, 1, 3, 3, 5, 2, 3, 2, 3, 5, 1, 3, 2, 4, 1, 4, 2, 2, 4, 2, 4, 2, 4, 5, 2, 2]","[1500, 2340, 2520, 3120, 1920]","[5.0, 4.5, 5.0, 4.5, 7.5]","[960, 1860]","[5.0, 2.5]","[5340.0, 4440.0, 3240.0, 2580.0]","[0.0, 0.0, 5.0, 7.5]","[4200, 6720, 6540]","[7.3, 6.3, 5.3]"
167,167,4680,"[3, 1, 3, 5, 5, 3, 2, 1, 5, 1, 4, 2, 3, 4, 1, 1, 1, 3, 5, 3, 2, 4, 4, 5, 3, 1, 2, 5, 2, 3]",2460.0,"[3, 1, 3, 5, 1, 2, 2, 2, 5, 1, 5, 2, 3, 4, 1, 1, 4, 2, 5, 3, 2, 2, 3, 1, 4, 1, 2, 5, 2, 3]",[480],[10.0],"[3420, 3360]","[5.0, 10.0]",[7440.0],[7.5],[5580],[8.0]
168,168,2580,"[1, 4, 5, 5, 4, 2, 2, 2, 3, 1, 5, 2, 2, 4, 3, 3, 1, 3, 5, 4, 5, 1, 4, 3, 4, 1, 3, 5, 4, 5]",42840.0,"[3, 1, 3, 5, 4, 2, 2, 2, 5, 1, 5, 2, 1, 1, 1, 1, 1, 4, 5, 4, 3, 4, 4, 1, 2, 1, 1, 5, 4, 5]","[120, 480]","[7.5, 5.0]",[840],[7.5],[60.000000199999995],[0.0],,
169,169,3360,"[4, 4, 3, 1, 4, 1, 1, 2, 5, 3, 3, 2, 2, 1, 3, 1, 1, 5, 5, 4, 3, 2, 4, 3, 4, 2, 3, 4, 2, 5]",,,,,,,,,,
170,170,1560,"[3, 4, 3, 1, 5, 4, 2, 1, 2, 1, 2, 2, 3, 1, 2, 3, 1, 5, 4, 5, 2, 4, 3, 3, 5, 1, 1, 4, 1, 5]",1200.0,"[3, 4, 3, 1, 5, 4, 2, 1, 2, 4, 3, 2, 3, 1, 3, 3, 1, 5, 4, 2, 2, 4, 3, 1, 5, 2, 3, 4, 1, 5]",[180],[9.5],"[600, 1680, 540, 60, 360, 60]","[7.5, 2.5, 7.5, 7.5, 7.5, 10.0]","[2100.0, 779.9999994, 1080.0, 480.00000030000007, 419.9999995, 359.9999999, 359.9999999, 659.9999996]","[2.5, 2.5, 2.5, 0.0, 0.0, 2.5, 2.5, 2.5]","[240, 1500]","[3.7, 5.0]"
171,171,2220,"[3, 1, 3, 1, 2, 1, 2, 2, 5, 1, 3, 2, 3, 4, 1, 1, 1, 2, 2, 3, 5, 2, 4, 3, 3, 4, 2, 5, 4, 5]",1260.0,"[3, 4, 2, 5, 4, 3, 2, 1, 2, 1, 3, 2, 3, 1, 3, 2, 1, 5, 2, 3, 3, 4, 1, 1, 4, 1, 1, 4, 4, 5]","[240, 120, 120, 120, 120, 60, 0]","[2.5, 7.5, 7.5, 5.0, 7.5, 7.5, 10.0]","[120, 120, 60, 0, 60, 0]","[5.0, 5.0, 7.5, 7.5, 7.5, 10.0]","[660.0000003, 419.9999995, 240.0000002, 180.0, 180.0, 180.0, 180.0]","[5.0, 2.5, 5.0, 0.0, 5.0, 2.5, 7.5]",[960],[8.3]
172,172,383160,"[3, 1, 3, 5, 2, 2, 2, 2, 5, 1, 4, 2, 4, 4, 1, 1, 1, 2, 5, 3, 5, 2, 2, 1, 3, 5, 3, 5, 2, 3]",,,,,,,,,,
173,173,1920,"[3, 4, 3, 1, 3, 2, 2, 4, 5, 3, 3, 3, 3, 1, 4, 4, 5, 5, 1, 2, 4, 1, 4, 3, 3, 3, 2, 3, 1, 2]",,,,,,,,,,
174,174,6300,"[2, 2, 2, 5, 1, 2, 5, 1, 2, 1, 3, 2, 4, 3, 3, 1, 2, 2, 4, 5, 1, 1, 2, 1, 2, 1, 1, 5, 2, 5]",,,,,,,,,,
175,175,6180,"[3, 1, 3, 1, 4, 2, 2, 2, 3, 1, 3, 2, 3, 1, 3, 3, 1, 4, 1, 4, 3, 1, 4, 3, 4, 2, 1, 4, 2, 5]",,,,,,,,,,
176,176,3960,"[4, 4, 2, 5, 2, 2, 2, 2, 5, 1, 4, 2, 3, 4, 1, 1, 1, 2, 5, 5, 4, 4, 4, 5, 5, 1, 2, 5, 2, 5]",1500.0,"[4, 4, 2, 5, 2, 2, 2, 2, 1, 1, 4, 2, 2, 4, 1, 1, 1, 2, 2, 3, 2, 2, 3, 3, 2, 2, 2, 5, 2, 5]","[180, 180, 180]","[7.0, 7.5, 9.5]","[660, 120, 60]","[5.0, 5.0, 10.0]","[359.9999999, 600.0000001, 720.0000004999999, 1140.0, 1020.0, 0.0, 180.0, 240.0000002, 60.000000199999995, 119.99999979999998, 1500.0, 1020.0, 359.9999999, 419.9999995, 59.99999957, 1376940.0]","[5.0, 0.0, 2.5, 0.0, 5.0, 0.0, 0.0, 5.0, 0.0, 2.5, 0.0, 5.0, 5.0, 2.5, 2.5, 7.5]","[1680, 840, 1320, 960]","[2.0, 6.3, 5.7, 6.3]"
177,177,3360,"[3, 1, 3, 1, 4, 1, 1, 2, 3, 1, 3, 2, 3, 4, 3, 1, 1, 4, 5, 5, 3, 2, 4, 3, 5, 1, 3, 4, 2, 5]",,,,,,,,,,
178,178,2520,"[3, 1, 3, 5, 2, 2, 2, 2, 5, 1, 4, 2, 4, 4, 1, 1, 1, 2, 3, 3, 3, 2, 2, 1, 4, 2, 3, 5, 2, 3]",,,,,,,,,,
179,179,7380,"[3, 1, 1, 5, 2, 2, 2, 2, 5, 1, 4, 2, 4, 4, 1, 5, 1, 2, 5, 4, 5, 2, 1, 1, 4, 5, 2, 5, 2, 3]",,,,,,,,,,
180,180,5400,"[3, 1, 3, 5, 3, 2, 2, 1, 5, 2, 3, 3, 1, 4, 1, 1, 4, 5, 1, 4, 2, 4, 3, 1, 3, 2, 1, 5, 2, 5]",,,,,,,,,[1740],[5.7]
181,181,1140,"[4, 1, 3, 5, 2, 2, 2, 2, 5, 1, 4, 2, 4, 1, 1, 1, 2, 2, 5, 4, 5, 1, 2, 1, 3, 5, 3, 5, 2, 3]",1140.0,"[4, 1, 3, 5, 2, 2, 2, 2, 5, 1, 4, 2, 4, 4, 1, 1, 2, 2, 5, 4, 5, 2, 2, 1, 3, 5, 3, 5, 2, 3]","[120, 60]","[7.5, 10.0]","[240, 120]","[7.5, 10.0]",[840.0000002],[7.5],[1260],[8.7]
182,182,1500,"[3, 1, 3, 5, 4, 2, 2, 2, 5, 1, 4, 2, 4, 4, 1, 1, 1, 4, 5, 4, 3, 2, 2, 1, 3, 4, 3, 5, 4, 5]",780.0,"[3, 1, 3, 5, 4, 2, 2, 2, 5, 1, 4, 2, 4, 4, 1, 1, 1, 4, 4, 4, 3, 1, 1, 1, 4, 1, 3, 5, 4, 3]","[360, 180]","[7.5, 10.0]","[600, 660, 120, 120, 60]","[5.0, 5.0, 7.5, 7.5, 10.0]","[1440.0, 4260.0, 2640.0, 1200.0, 240.0000002, 120.00000039999999, 539.9999999, 60.000000199999995, 60.000000199999995, 60.000000199999995, 0.0, 240.0000002]","[2.5, 5.0, 5.0, 5.0, 10.0, 5.0, 2.5, 7.5, 7.5, 10.0, 5.0, 5.0]","[1680, 2100, 660, 540, 900, 1080, 660, 720]","[7.7, 7.7, 8.7, 8.0, 9.3, 9.3, 9.3, 7.3]"
183,183,13200,"[3, 4, 1, 5, 3, 2, 1, 1, 2, 5, 2, 3, 1, 2, 3, 1, 1, 5, 1, 1, 3, 1, 4, 5, 4, 4, 1, 5, 2, 2]",1260.0,"[3, 4, 2, 5, 2, 1, 4, 1, 2, 5, 3, 3, 1, 1, 3, 1, 1, 4, 4, 2, 1, 5, 4, 3, 2, 1, 1, 5, 2, 5]","[720, 300, 360, 240, 300, 1200, 180]","[2.5, 7.0, 5.0, 7.5, 7.5, 7.5, 10.0]","[420, 480, 180]","[5.0, 5.0, 10.0]","[3180.0, 1200.0]","[0.0, 5.0]",[3120],[7.3]
184,184,3900,"[3, 1, 3, 5, 4, 2, 2, 1, 2, 2, 3, 2, 3, 4, 1, 1, 1, 5, 5, 1, 2, 2, 3, 1, 5, 5, 2, 5, 4, 5]",,,,,,,,,,
185,185,4260,"[3, 1, 1, 5, 4, 1, 1, 2, 3, 1, 3, 2, 1, 4, 3, 1, 2, 4, 4, 3, 5, 1, 3, 3, 4, 2, 1, 5, 2, 5]",1080.0,"[3, 4, 3, 5, 4, 1, 1, 2, 1, 1, 3, 2, 3, 4, 1, 1, 1, 4, 4, 1, 2, 2, 5, 1, 4, 1, 4, 5, 2, 5]","[600, 240, 180, 240, 60]","[7.5, 7.5, 7.5, 7.5, 10.0]","[360, 300, 180, 120, 120, 60]","[2.5, 7.5, 7.5, 5.0, 7.5, 10.0]","[299.9999997, 539.9999999, 539.9999999, 180.0]","[5.0, 2.5, 2.5, 5.0]","[840, 900]","[6.3, 7.7]"
186,186,3420,"[3, 1, 3, 5, 2, 2, 2, 2, 5, 1, 4, 2, 4, 4, 1, 1, 2, 2, 4, 3, 5, 2, 2, 1, 3, 2, 4, 5, 2, 3]",1680.0,"[3, 1, 3, 5, 2, 2, 2, 4, 5, 1, 4, 2, 4, 4, 1, 1, 2, 2, 5, 3, 5, 2, 3, 1, 3, 5, 3, 5, 2, 3]","[1320, 300, 300, 120, 120]","[10.0, 7.5, 7.5, 9.5, 10.0]","[1680, 1260, 480, 180]","[7.5, 10.0, 7.5, 10.0]","[1643700.0, 2220.0, 1379.9999990000001]","[7.5, 7.5, 2.5]",[3120],[8.3]
187,187,2160,"[3, 1, 3, 1, 2, 1, 2, 2, 5, 1, 1, 2, 4, 4, 3, 1, 2, 4, 5, 4, 3, 2, 2, 1, 3, 5, 3, 2, 2, 4]",,,,,,,,,,
188,188,3900,"[4, 1, 2, 1, 5, 2, 1, 1, 2, 2, 2, 5, 2, 1, 1, 1, 1, 2, 4, 2, 5, 1, 3, 4, 4, 1, 1, 4, 1, 1]",,,,,,,,,,
189,189,2160,"[3, 1, 3, 5, 2, 2, 2, 1, 2, 1, 4, 2, 4, 4, 1, 1, 2, 2, 5, 5, 3, 2, 3, 1, 3, 4, 3, 5, 2, 3]",,,,,,,,,,
190,190,2940,"[3, 1, 3, 5, 2, 2, 2, 2, 5, 1, 4, 2, 4, 4, 3, 1, 2, 2, 5, 5, 5, 2, 1, 1, 3, 5, 1, 5, 2, 5]",1140.0,"[3, 1, 3, 5, 1, 2, 2, 2, 5, 1, 4, 2, 4, 4, 3, 1, 2, 2, 5, 5, 5, 2, 1, 1, 3, 5, 3, 5, 2, 5]","[600, 240]","[7.0, 10.0]","[360, 480]","[5.0, 10.0]",[1200.0],[7.5],[2100],[8.3]
191,191,2460,"[3, 4, 3, 1, 4, 2, 2, 1, 2, 4, 2, 2, 3, 4, 3, 3, 1, 4, 1, 4, 5, 1, 3, 2, 5, 1, 3, 5, 1, 5]",,,,,,,,,,
192,192,647700,"[5, 1, 3, 5, 4, 2, 2, 2, 5, 1, 4, 3, 3, 1, 1, 1, 1, 2, 1, 1, 2, 2, 1, 1, 3, 4, 1, 5, 2, 2]",,,,,,,,,,
193,193,1800,"[4, 4, 3, 5, 3, 1, 2, 1, 2, 1, 3, 3, 3, 4, 3, 1, 4, 3, 4, 3, 5, 4, 3, 1, 4, 2, 3, 4, 2, 5]",1620.0,"[5, 4, 3, 5, 4, 1, 2, 2, 1, 1, 3, 3, 3, 4, 1, 1, 1, 4, 4, 3, 2, 4, 3, 1, 4, 4, 3, 5, 2, 5]","[480, 600, 120, 120]","[7.5, 7.0, 5.0, 10.0]","[1800, 360, 120, 60]","[7.5, 7.5, 7.5, 10.0]","[1020.0, 600.0000001, 240.0000002]","[5.0, 5.0, 2.5]",[2760],[9.0]
194,194,5220,"[4, 1, 2, 5, 3, 2, 2, 1, 2, 3, 3, 4, 2, 1, 3, 4, 1, 5, 5, 3, 2, 1, 1, 3, 4, 1, 1, 5, 5, 5]",1861980.0,"[3, 1, 3, 5, 4, 2, 2, 1, 2, 2, 3, 2, 3, 4, 1, 5, 5, 4, 1, 4, 5, 2, 1, 1, 3, 5, 1, 5, 2, 5]","[4200, 60180, 18540, 360, 52200]","[7.5, 4.5, 9.5, 10.0, 10.0]",[37080],[10.0],[2724480.0],[7.5],[2212260],[7.0]
195,195,3720,"[3, 1, 2, 5, 2, 2, 2, 1, 2, 1, 4, 2, 4, 4, 1, 1, 5, 4, 1, 5, 3, 2, 4, 5, 3, 5, 3, 5, 2, 3]",,,,,,,,,,
196,196,79920,"[3, 1, 1, 5, 3, 2, 1, 1, 5, 5, 3, 4, 3, 1, 3, 4, 4, 4, 1, 5, 3, 4, 4, 1, 3, 2, 2, 4, 1, 5]",,,,,,,,,,
197,197,3540,"[3, 1, 3, 5, 5, 2, 2, 2, 5, 1, 4, 2, 4, 4, 1, 1, 2, 2, 5, 4, 3, 1, 1, 1, 3, 5, 3, 5, 2, 3]",,,,,,,,,,
198,198,5760,"[3, 1, 2, 5, 2, 2, 2, 2, 5, 1, 4, 2, 4, 4, 1, 5, 2, 2, 5, 4, 5, 2, 2, 1, 3, 5, 3, 5, 4, 3]",,,"[79440, 960, 360, 2940]","[5.0, 7.0, 2.5, 10.0]","[2640, 1140]","[7.5, 10.0]",,,,
199,199,1860,"[3, 1, 3, 5, 2, 2, 2, 1, 2, 1, 4, 2, 4, 4, 3, 1, 2, 2, 5, 4, 5, 1, 2, 1, 3, 5, 3, 5, 2, 3]",1380.0,"[3, 1, 3, 5, 2, 2, 2, 1, 2, 1, 4, 2, 4, 4, 3, 1, 2, 2, 5, 4, 5, 2, 2, 1, 3, 5, 3, 5, 2, 3]","[360, 120]","[7.5, 10.0]",[480],[10.0],"[317340.0, 4740.0, 5460.0, 3060.0, 9360.0, 158880.0, 181920.0, 331500.0]","[7.5, 7.5, 7.5, 5.0, 7.5, 7.5, 7.5, 5.0]",[66180],[9.7]
200,200,3480,"[3, 2, 2, 5, 2, 2, 2, 2, 2, 1, 4, 2, 4, 4, 1, 1, 1, 4, 4, 5, 1, 1, 4, 1, 3, 5, 4, 5, 4, 2]",,,,,,,,,,
201,201,4740,"[3, 1, 2, 5, 3, 2, 2, 1, 2, 4, 3, 2, 2, 1, 1, 1, 1, 5, 5, 3, 1, 2, 3, 3, 5, 3, 3, 5, 2, 5]",,,,,,,,,,
202,202,1680,"[3, 1, 3, 5, 2, 2, 2, 2, 5, 1, 4, 2, 4, 1, 1, 5, 2, 2, 3, 4, 5, 2, 2, 1, 3, 5, 3, 5, 2, 3]",,,,,,,,,,
203,203,1440,"[3, 2, 3, 5, 2, 2, 2, 1, 2, 4, 2, 2, 3, 1, 1, 1, 1, 2, 5, 5, 2, 4, 1, 1, 4, 2, 1, 5, 2, 5]",,,,,,,,,,
204,204,2340,"[3, 1, 3, 5, 2, 2, 2, 2, 5, 1, 4, 2, 4, 4, 1, 1, 2, 2, 5, 4, 5, 2, 2, 1, 3, 5, 3, 5, 2, 3]",91680.0,"[3, 1, 3, 5, 2, 2, 2, 2, 5, 1, 4, 2, 4, 4, 1, 1, 2, 2, 5, 4, 5, 2, 2, 1, 3, 5, 3, 5, 2, 3]","[180, 360]","[7.5, 10.0]",[240],[10.0],"[2220.0, 1560.0, 1200.0]","[5.0, 7.5, 10.0]",[3540],[10.0]
205,205,3240,"[3, 4, 3, 1, 4, 2, 2, 1, 2, 5, 3, 2, 3, 4, 1, 1, 1, 4, 1, 1, 5, 2, 3, 1, 2, 4, 3, 5, 4, 3]",,,,,,,,,,
206,206,1980,"[3, 1, 3, 5, 2, 2, 2, 5, 1, 4, 1, 2, 4, 4, 1, 1, 1, 2, 5, 4, 5, 2, 2, 1, 3, 5, 3, 5, 2, 3]",1560.0,"[3, 1, 3, 5, 2, 2, 2, 5, 1, 4, 1, 2, 4, 4, 1, 1, 2, 2, 5, 3, 5, 2, 2, 1, 3, 5, 3, 5, 2, 3]",[180],[10.0],[240],[10.0],"[1380.0, 1080.0, 1380.0, 1200.0, 239.9999995, 420.0000001, 420.0000001, 119.99999979999998, 59.99999957, 240.0000002]","[2.5, 5.0, 7.5, 7.5, 0.0, 7.5, 7.5, 5.0, 2.5, 10.0]","[1200, 1080, 300, 780, 840, 1320]","[7.3, 8.0, 3.7, 8.3, 8.7, 8.0]"
207,207,2220,"[3, 2, 3, 5, 5, 2, 2, 1, 2, 1, 5, 2, 3, 1, 3, 3, 1, 4, 5, 4, 1, 4, 2, 3, 5, 2, 3, 5, 2, 3]",960.0,"[3, 1, 3, 5, 4, 1, 2, 1, 2, 4, 2, 3, 2, 1, 1, 1, 1, 3, 3, 4, 2, 4, 3, 3, 4, 2, 3, 5, 2, 5]","[1380, 600, 480]","[7.5, 7.0, 10.0]","[1860, 1020, 1560]","[5.0, 2.5, 10.0]","[3300.0, 2760.0]","[5.0, 7.5]","[2760, 2160]","[6.3, 7.7]"
208,208,3000,"[3, 2, 3, 5, 4, 2, 2, 1, 2, 1, 3, 2, 4, 4, 1, 1, 2, 4, 1, 1, 2, 2, 3, 1, 3, 2, 3, 5, 2, 3]",,,,,,,,,,
209,209,3960,"[3, 1, 1, 5, 4, 2, 2, 1, 2, 1, 4, 2, 4, 4, 1, 5, 2, 4, 5, 4, 5, 2, 2, 1, 3, 5, 3, 5, 4, 5]",,,,,,,,,,
210,210,1140,"[3, 4, 3, 5, 2, 2, 2, 2, 3, 1, 2, 3, 3, 3, 3, 3, 1, 5, 5, 3, 2, 1, 1, 3, 4, 1, 2, 1, 1, 5]",,,,,,,,,,
211,211,1200,"[3, 4, 2, 5, 2, 2, 2, 2, 5, 1, 1, 2, 4, 4, 1, 1, 1, 2, 5, 4, 5, 2, 2, 1, 3, 3, 3, 5, 4, 3]",,,,,,,,,,
212,212,87960,"[4, 5, 5, 1, 3, 2, 2, 2, 5, 5, 3, 3, 2, 2, 4, 4, 1, 5, 4, 3, 2, 4, 4, 3, 5, 1, 2, 4, 1, 5]",,,,,,,,,,
213,213,11520,"[4, 4, 2, 1, 5, 2, 2, 1, 2, 4, 2, 4, 2, 2, 3, 3, 1, 2, 1, 5, 2, 4, 3, 2, 4, 4, 2, 4, 4, 5]",,,,,,,,,,
214,214,1560,"[3, 1, 1, 5, 2, 2, 2, 1, 2, 5, 3, 2, 3, 1, 1, 3, 1, 2, 2, 5, 5, 1, 3, 1, 5, 4, 3, 5, 2, 5]",,,,,,,,,,
215,215,3420,"[4, 4, 5, 1, 4, 1, 5, 3, 3, 4, 2, 3, 2, 1, 3, 3, 4, 5, 4, 2, 4, 3, 3, 3, 4, 2, 3, 5, 2, 5]",,,,,,,,,,
216,216,3420,"[4, 4, 2, 5, 2, 2, 2, 1, 3, 1, 4, 2, 2, 4, 3, 3, 1, 2, 4, 3, 2, 4, 3, 1, 5, 1, 1, 4, 2, 3]",,,"[1080, 62340]","[5.0, 7.0]",[840],[10.0],,,,
217,217,3000,"[3, 1, 3, 5, 2, 2, 2, 2, 5, 1, 4, 2, 4, 4, 1, 1, 2, 2, 1, 4, 5, 2, 2, 1, 3, 5, 3, 5, 2, 3]",15180.0,"[3, 1, 3, 5, 2, 2, 2, 2, 5, 1, 4, 2, 4, 4, 1, 1, 2, 2, 5, 4, 5, 2, 2, 2, 3, 5, 3, 5, 2, 3]","[180, 240, 60, 120]","[7.5, 7.5, 10.0, 10.0]",[180],[10.0],[960.0],[10.0],"[2280, 1140, 2940, 5340, 43320]","[7.7, 9.0, 9.7, 9.0, 9.7]"
218,218,1680,"[3, 1, 3, 5, 1, 2, 2, 1, 3, 5, 3, 3, 3, 4, 1, 1, 1, 2, 4, 3, 3, 2, 3, 3, 4, 2, 3, 5, 2, 5]",4500.0,"[3, 1, 3, 1, 2, 2, 2, 2, 5, 1, 3, 2, 3, 4, 3, 1, 1, 2, 4, 3, 3, 2, 2, 1, 4, 2, 3, 5, 2, 5]",[240],[7.5],[1140],[7.5],"[27540.0, 840.0000002, 123780.0]","[5.0, 0.0, 7.5]","[3420, 3240]","[5.0, 8.3]"
219,219,7140,"[1, 2, 3, 5, 2, 2, 2, 2, 5, 1, 4, 2, 4, 4, 3, 1, 1, 2, 5, 3, 3, 2, 1, 1, 4, 1, 4, 5, 2, 5]",1380.0,"[1, 2, 2, 5, 4, 1, 2, 2, 5, 1, 4, 2, 4, 1, 3, 1, 2, 4, 4, 3, 3, 1, 1, 3, 4, 1, 2, 5, 2, 3]","[540, 480, 900, 60]","[5.0, 7.0, 7.5, 10.0]",[420],[10.0],"[137220.0, 300.0000003, 480.00000030000007, 600.0000001, 180.0]","[5.0, 2.5, 5.0, 2.5, 7.5]",[134160],[9.3]
220,220,3540,"[3, 1, 2, 5, 4, 2, 2, 1, 2, 1, 4, 2, 3, 4, 3, 1, 2, 2, 1, 4, 2, 2, 3, 1, 3, 5, 1, 5, 2, 5]",9780.0,"[3, 1, 3, 5, 2, 2, 2, 5, 5, 1, 4, 2, 4, 4, 1, 1, 2, 2, 5, 4, 5, 2, 2, 1, 3, 5, 3, 5, 2, 5]","[300, 240, 120]","[5.0, 7.0, 10.0]","[1320, 480, 240, 180]","[5.0, 10.0, 10.0, 10.0]","[2040.0, 1380.0, 719.9999998, 1500.0, 180.0, 419.9999995]","[7.5, 7.5, 10.0, 7.5, 7.5, 10.0]","[5880, 90960, 1680, 960, 12600]","[9.0, 8.3, 9.7, 9.3, 10.0]"
221,221,18420,"[3, 4, 3, 1, 2, 2, 5, 1, 1, 1, 2, 3, 2, 4, 3, 1, 1, 4, 4, 5, 2, 2, 3, 2, 4, 4, 1, 5, 2, 3]",,,,,,,,,,
222,222,1740,"[3, 1, 2, 1, 2, 1, 2, 2, 4, 4, 3, 2, 2, 1, 3, 3, 1, 2, 4, 3, 3, 1, 2, 1, 4, 4, 1, 4, 2, 2]",,,,,,,,,,
223,223,2340,"[3, 1, 3, 5, 4, 3, 2, 2, 5, 1, 3, 2, 3, 1, 3, 1, 1, 5, 3, 4, 4, 2, 2, 1, 5, 5, 3, 5, 4, 5]",,,,,,,,,,
224,224,875040,"[5, 4, 1, 5, 3, 2, 2, 2, 5, 1, 5, 2, 3, 1, 1, 5, 1, 5, 3, 3, 3, 2, 4, 1, 2, 4, 3, 5, 2, 2]",,,"[180, 240, 120, 180, 60]","[4.5, 5.0, 7.0, 5.0, 7.5]","[1320, 300]","[5.0, 7.5]",,,,
225,225,1920,"[3, 1, 1, 5, 2, 2, 2, 2, 5, 1, 4, 2, 4, 4, 1, 1, 2, 5, 5, 4, 5, 2, 2, 1, 3, 5, 3, 5, 2, 3]",1200.0,"[3, 1, 3, 5, 2, 2, 2, 2, 5, 1, 4, 2, 4, 4, 3, 1, 2, 2, 5, 4, 5, 2, 2, 1, 3, 5, 3, 5, 2, 3]","[180, 240]","[7.5, 10.0]",[420],[10.0],[539.9999999],[10.0],[2040],[8.8]
226,226,1440,"[3, 4, 3, 5, 3, 2, 2, 1, 2, 1, 1, 2, 3, 2, 1, 1, 1, 3, 2, 3, 5, 2, 1, 1, 5, 1, 1, 5, 4, 5]",,,,,,,,,,
227,227,2400,"[4, 4, 3, 1, 3, 2, 2, 1, 2, 4, 3, 3, 1, 2, 3, 3, 1, 1, 4, 5, 2, 1, 4, 1, 2, 2, 1, 4, 4, 3]",,,,,,,,,,
228,228,1560,"[1, 1, 3, 1, 3, 2, 2, 1, 2, 5, 3, 2, 3, 4, 3, 1, 1, 4, 5, 4, 5, 2, 3, 1, 5, 4, 2, 4, 4, 5]",,,,,,,,,,
229,229,1740,"[5, 4, 3, 5, 4, 2, 2, 2, 5, 1, 4, 2, 3, 4, 3, 1, 1, 4, 5, 4, 5, 2, 2, 1, 3, 4, 3, 5, 2, 5]",1020.0,"[2, 4, 3, 5, 4, 2, 2, 4, 5, 1, 3, 2, 1, 4, 2, 1, 1, 5, 5, 4, 5, 2, 3, 1, 3, 2, 3, 5, 2, 5]","[120, 360, 120]","[7.5, 7.5, 10.0]","[360, 240]","[5.0, 7.5]","[420.0000001, 0.0]","[7.5, 0.0]",[900],[5.3]
230,230,3840,"[3, 2, 3, 1, 3, 2, 2, 1, 2, 1, 3, 2, 3, 4, 3, 1, 2, 4, 2, 4, 2, 2, 3, 1, 3, 5, 3, 5, 4, 5]",,,,,,,,,,
231,231,2100,"[3, 4, 3, 5, 3, 2, 3, 1, 2, 1, 3, 2, 3, 4, 3, 3, 1, 4, 5, 3, 5, 4, 2, 1, 4, 2, 3, 4, 2, 5]",,,,,,,,,,
232,232,5460,"[3, 1, 3, 5, 3, 1, 2, 1, 2, 1, 4, 2, 4, 2, 1, 1, 2, 2, 5, 3, 3, 2, 2, 3, 3, 1, 3, 5, 2, 3]",2940.0,"[3, 1, 3, 5, 4, 1, 2, 1, 2, 1, 4, 2, 4, 2, 1, 1, 2, 2, 5, 4, 5, 2, 5, 1, 3, 5, 3, 5, 2, 3]",[480],[10.0],[1380],[10.0],"[1620.0, 3900.0, 9960.0]","[5.0, 2.5, 10.0]","[12600, 3540]","[7.7, 8.0]"
233,233,1020,"[3, 1, 2, 5, 3, 2, 2, 1, 2, 5, 2, 2, 2, 1, 1, 1, 2, 1, 4, 5, 5, 1, 4, 3, 4, 2, 1, 4, 5, 5]",,,,,,,,,,
234,234,1020,"[3, 1, 2, 1, 4, 2, 2, 2, 3, 1, 3, 2, 1, 4, 3, 1, 2, 4, 5, 5, 3, 4, 4, 1, 4, 4, 3, 3, 2, 5]",960.0,"[3, 1, 3, 1, 4, 3, 2, 2, 3, 5, 3, 2, 3, 4, 3, 1, 1, 4, 5, 3, 5, 2, 5, 3, 5, 4, 1, 4, 2, 5]","[720, 60]","[7.5, 10.0]","[240, 120, 60]","[7.5, 5.0, 10.0]","[359.9999999, 720.0000004999999, 239.9999995, 420.0000001, 240.0000002]","[2.5, 5.0, 5.0, 2.5, 10.0]","[840, 480, 660, 900]","[7.3, 6.3, 6.0, 5.3]"
235,235,2520,"[3, 4, 3, 1, 2, 2, 2, 1, 2, 1, 3, 2, 4, 4, 3, 1, 1, 2, 5, 4, 3, 2, 2, 1, 4, 4, 3, 5, 4, 3]",2640.0,"[3, 1, 3, 5, 2, 1, 1, 2, 2, 1, 4, 2, 4, 4, 3, 1, 1, 2, 5, 4, 5, 1, 4, 3, 4, 2, 3, 5, 4, 3]","[2820, 80820, 1140]","[10.0, 7.0, 10.0]","[84180, 68100, 2220]","[7.5, 7.5, 10.0]","[5340.0, 2820.0, 2700.0]","[5.0, 5.0, 10.0]","[80340, 64260, 101760]","[6.0, 7.3, 9.3]"
